UID,DTSTAMP,DTSTART,DTEND,DURATION,SUMMARY,DESCRIPTION,LOCATION,STATUS,CLASS,TRANSP,PRIORITY,SEQUENCE,RRULE,EXDATE,RDATE,ATTENDEE,ORGANIZER,CATEGORIES,CREATED,LAST-MODIFIED,URL,ATTACH,Validation_Flag
1,,20250101T000000Z,20250101T000000Z,P1D,Independence Day (Haiti),National Day of Haiti,Haiti,,,,,,,,,,,,,,,,REQUIRES_VALIDATION
2,,20250101T000000Z,20250101T000000Z,P1D,Independence Day (Sudan),National Day of Sudan,Sudan,,,,,,,,,,,,,,,,REQUIRES_VALIDATION
3,,20250101T000000Z,20250101T000000Z,P1D,Liberation Day (Cuba),National Day of Cuba,Cuba,,,,,,,,,,,,,,,,REQUIRES_VALIDATION
4,20250826T1348,20250101T000000Z,20250101T000000Z,P1D,New Year's Day,New Year's Day is the first day of the Gregorian calendar. It is often celebrated with fireworks and parades.,Internantional,,,,,,,,,,,,,20250826T1348,,,
5,20250826T1348,20250101T000000Z,20250102T000000Z,P2D,Feast of St Basil,"St Basil is considered one of the great leaders and thinkers of the Orthodox Christian Church. In many Greek homes, a special cake is baked on the eve of St Basil's Day with a gold or silver coin hidden inside. Similar traditions exist for Western Christian Churches.",Christianity,,,,,,,,,,,,,20250826T1348,,,
6,,20250104T000000Z,20250104T000000Z,P1D,"Independence Day (Myanmar, Republic of The Union Of)","National Day of Myanmar, Republic of The Union Of","Myanmar, Republic of The Union Of",,,,,,,,,,,,,,,,REQUIRES_VALIDATION
7,20250826T1348,20250106T000000Z,20250106T000000Z,P1D,Epiphany,Epiphany commemorates the manifestation of God in human form as Jesus Christ.,Christianity,,,,,,,,,,,,,20250826T1348,,,
8,20250826T1348,20250106T000000Z,20250106T000000Z,P1D,Gurpurab of Guru Gobind Singh Ji,"Sikh communities celebrate the birthday of the 10th Guru, Guru Gobind Singh (born in 1666).",Sikhism,,,,,,,,,,,,,20250826T1348,,,
9,20250826T1348,20250107T000000Z,20250107T000000Z,P1D,Orthodox Christmas,"Orthodox Christmas is celebrated by around 260 million people globally. Orthodox Christians celebrate Christmas on January 7, following the Julian calendar.",Orthodox,,,,,,,,,,,,,20250826T1348,,,
10,20250826T1348,20250107T000000Z,20250107T000000Z,P1D,The Holy Nativity Feast,Orthodox Churches that use the Julian Calendar celebrate Christmas on this day. Some traditions observe a week-long period of holidays from 1 January.,Orthodox,,,,,,,,,,,,,20250826T1348,,,
11,20250826T1348,20250114T000000Z,20250114T000000Z,P1D,Thai Pongal,"Thai Pongal is a multi-day Hindu harvest festival celebrated by Tamils in India and Sri Lanka. It is observed at the start of the month Thai in the Tamil solar calendar, and is dedicated to the Hindu sun god Surya.",Hinduism,,,,,,,,,,,,,20250826T1348,,,
12,20250826T1348,20250114T000000Z,20250117T000000Z,P3D,Pongal (Hinduism - Tamil† people in India & Sri Lanka),Pongal is a four-day harvest festival celebrated as a giving ceremony for the year's harvest.,Hinduism,,,,,,,,,,,,,20250826T1348,,,
13,20250826T1348,20250119T000000Z,20250119T000000Z,P1D,Epiphany (Orthodox),Epiphany commemorates the manifestation of God in human form as Jesus Christ.,Orthodox,,,,,,,,,,,,,20250826T1348,,,
14,20250826T1348,20250119T000000Z,20250119T000000Z,P1D,World Religion Day,World Religion Day is observed in over 80 countries. It aims to foster interfaith understanding and harmony by emphasising the common elements to all religions.,International,,,,,,,,,,,,,20250826T1348,,,
15,20250826T1348,20250119T000000Z,20250209T000000Z,P21D,Midsumma Festival†(Australia) ,"Midsumma is Australia's premier queer arts and cultural organisation, bringing together a diverse mix of LGBTQIA+ artists, performers, communities and audiences'.",Australia,,,,,,,,,,,,,20250826T1348,,,
16,20250826T1348,20250126T000000Z,20250126T000000Z,P1D,Australia Day,"Australia Day provides an opportunity for all Australians to reflect, respect and celebrate. It is about acknowledging the contribution every Australian makes to our diverse nation, from Aboriginal and Torres Strait Islander peoples who have been here for more than 65,000 years, to those whose families have come through the waves of migration over more recent centuries.",Australia,,,,,,,,,,,,,20250826T1348,,,
17,20250826T1348,20250127T000000Z,20250127T000000Z,P1D,International Holocaust Remembrance Day,"Holocaust Remembrance Day is a memorial for the six million Jews killed by the Nazis between 1933 and 1945. Many people of Jewish and other faiths observe this day. It was designated by a United Nations General Assembly resolution on 1 November 2005. Many countries have instituted their own Holocaust Memorial Days. Other Holocaust memorial days, such as Israel's Yom HaShoah, are observed at other times of the year.",International,,,,,,,,,,,,,20250826T1348,,,
18,20250826T1348,20250129T000000Z,20250129T000000Z,P1D,Chinese Lunar New Year,"For Chinese communities across the world, the Lunar New Year is one of the most important holidays of the year. It is celebrated through a range of traditional customs. These include ancestor worship, family gatherings, special foods and gift exchanges.",Internantional,,,,,,,,,,,,,20250826T1348,,,
19,20250826T1348,20250129T000000Z,20250129T000000Z,P1D,Lunar New Year,Various East and Southeast Asian cultures and traditions celebrate Lunar New Year. Family gatherings are common features across cultures. People travel from near and far to be with loved ones in time to welcome the new year.,International,,,,,,,,,,,,,20250826T1348,,,
20,20250826T1348,20250129T000000Z,20250129T000000Z,P1D,Seollal (Korean Lunar New Year - Year of the Snake),"Known in the Koreas as Seollal, Lunar New Year typically lasts three days (the day before and after the New Year). Centred on†charye†""ì paying respect to elders ""ì the new year is a time to remember a shared heritage and look forward to the future.",Korea,,,,,,,,,,,,,20250826T1348,,,
21,20250826T1348,20250129T000000Z,20250129T000000Z,P1D,Tet (Vietnamese Lunar New Year - Year of the Wood Snake),"Tet is considered the first day of Vietnam's spring, a time marked by new beginnings. Tet includes ancestor worship, family gatherings, special foods and gift exchanges.",Vietnam,,,,,,,,,,,,,20250826T1348,,,
22,20250826T1348,20250129T000000Z,20250212T000000Z,P14D,"Spring Festival (Chinese Chunjie; Vietnamese Tet Festival, Korean Solnal; Tibetan Losar; etc.)","The Spring Festival marks a new year on the Lunar Calendar. It is celebrated in several Asian countries. Buddhist, Confucian, and Taoist practitioners celebrate this festival.",several Asian countries,,,,,,,,,,,,,20250826T1348,,,
23,,20250131T000000Z,20250131T000000Z,P1D,National Day (Nauru),National Day of Nauru,Nauru,,,,,,,,,,,,,,,,REQUIRES_VALIDATION
24,20250826T1348,20250201T000000Z,20250207T000000Z,P6D,World Interfaith Harmony Week (International),"Proclaimed by the UN General Assembly in 2010, World Interfaith Harmony week was conceived to† promote a culture of peace and harmony between all people regardless of their faith.†",International,,,,,,,,,,,,,20250826T1348,,,
25,,20250204T000000Z,20250204T000000Z,P1D,Independence Day (Sri Lanka),National Day of Sri Lanka,Sri Lanka,,,,,,,,,,,,,,,,REQUIRES_VALIDATION
26,20250826T1348,20250206T000000Z,20250206T000000Z,P1D,Waitangi Day (New Zealand),The national day of New Zealand is the anniversary of the initial signing of the Treaty of Waitangi.,New Zealand,,,,,,,,,,,,,20250826T1348,,,
27,,20250207T000000Z,20250207T000000Z,P1D,Independence Day (Grenada),National Day of Grenada,Grenada,,,,,,,,,,,,,,,,REQUIRES_VALIDATION
28,20250826T1348,20250210T000000Z,20250210T000000Z,P1D,Royal Hobart Regatta,Tasmania regional holiday,Australia (TAS),,,,,,,,,,,,,20250826T1348,,,
29,,20250211T000000Z,20250211T000000Z,P1D,Victory of the Islamic Revolution in Iran (Iran (Islamic Republic Of)),National Day of Iran (Islamic Republic Of),Iran (Islamic Republic Of),,,,,,,,,,,,,,,,REQUIRES_VALIDATION
30,20250826T1348,20250212T000000Z,20250212T000000Z,P1D,Magha Puja Day (Buddhism),"Also known as Sangha Day, this day celebrates the community of followers of the teachings of Buddha (Theravada tradition).",Buddhism,,,,,,,,,,,,,20250826T1348,,,
31,20250826T1348,20250212T000000Z,20250212T000000Z,P1D,Makha Bucha (Magha Puja),"Makha Bucha is a Buddhist Festival celebrated in Cambodia, Laos, Thailand and Myanmar on the full moon day of the third lunar month.",Buddhism,,,,,,,,,,,,,20250826T1348,,,
32,20250826T1348,20250212T000000Z,20250212T000000Z,P1D,Yuanxiao (Lantern Festival),"The Chinese Lantern Festival is held on the 15th day of the first lunar month, two weeks after Chinese New Year. It marks the first full moon of the new lunar year and the end of the Chinese New Year (Spring Festival) period.",International,,,,,,,,,,,,,20250826T1348,,,
33,20250826T1348,20250213T000000Z,20250213T000000Z,P1D,Anniversary of National Apology Day,"On 13 February 2008, Prime Minister Kevin Rudd delivered the National Apology to Australia's Aboriginal peoples and Torres Strait Islander peoples for the injustices of past government policies, particularly to the Stolen Generations.",Australia,,,,,,,,,,,,,20250826T1348,,,
34,20250826T1348,20250213T000000Z,20250213T000000Z,P1D,Anniversary of the Apology to members of the Stolen Generations,"On 13 February 2008, the Australian Parliament made a formal apology to members of the Stolen Generation.",Australia,,,,,,,,,,,,,20250826T1348,,,
35,20250826T1348,20250214T000000Z,20250214T000000Z,P1D,Valentine's Day,,Internantional,,,,,,,,,,,,,20250826T1348,,,REQUIRES_VALIDATION
36,20250826T1348,20250215T000000Z,20250215T000000Z,P1D,Nirvana Day (Parinirvana Day),Nirvana Day is an annual Buddhist festival that remembers the death of the Buddha when he reached Nirvana at the age of 80.,Buddhism,,,,,,,,,,,,,20250826T1348,,,
37,,20250215T000000Z,20250215T000000Z,P1D,Statehood Day (Serbia),National Day of Serbia,Serbia,,,,,,,,,,,,,,,,REQUIRES_VALIDATION
38,,20250216T000000Z,20250216T000000Z,P1D,Independence Day (Lithuania),National Day of Lithuania,Lithuania,,,,,,,,,,,,,,,,REQUIRES_VALIDATION
39,,20250217T000000Z,20250217T000000Z,P1D,Independence Day (Kosovo),National Day of Kosovo,Kosovo,,,,,,,,,,,,,,,,REQUIRES_VALIDATION
40,,20250218T000000Z,20250218T000000Z,P1D,Independence Day (The Gambia),National Day of The Gambia,The Gambia,,,,,,,,,,,,,,,,REQUIRES_VALIDATION
41,20250826T1348,20250220T000000Z,20250220T000000Z,P1D,World Day of Justice,World Day of Justice aims to promote justice issues across the globe. It includes efforts to tackle poverty exclusion and unemployment. It also aims to foster solidarity in pursuit of social development and justice within and among nations.,International,,,,,,,,,,,,,20250826T1348,,,
42,20250826T1348,20250220T000000Z,20250220T000000Z,P1D,World Day of Social Justice,,International,,,,,,,,,,,,,20250826T1348,,,REQUIRES_VALIDATION
43,20250826T1348,20250221T000000Z,20250221T000000Z,P1D,International Mother Language Day,The United Nations' International Mother Language Day celebrates linguistic and cultural diversity.,International,,,,,,,,,,,,,20250826T1348,,,
44,20250826T1348,20250221T000000Z,20250221T000000Z,P1D,International Mother Language Day ,The Day celebrates language diversity and variety worldwide. Its purpose is 'to promote the preservation and protection of all languages† used by peoples of the world.'†,International,,,,,,,,,,,,,20250826T1348,,,
45,,20250222T000000Z,20250222T000000Z,P1D,Independence Day (Saint Lucia),National Day of Saint Lucia,Saint Lucia,,,,,,,,,,,,,,,,REQUIRES_VALIDATION
46,,20250223T000000Z,20250223T000000Z,P1D,Emperor's Birthday (Japan),National Day of Japan,Japan,,,,,,,,,,,,,,,,REQUIRES_VALIDATION
47,,20250223T000000Z,20250223T000000Z,P1D,National Day (Brunei Darussalam),National Day of Brunei Darussalam,Brunei Darussalam,,,,,,,,,,,,,,,,REQUIRES_VALIDATION
48,,20250223T000000Z,20250223T000000Z,P1D,National Day (Guyana),National Day of Guyana,Guyana,,,,,,,,,,,,,,,,REQUIRES_VALIDATION
49,,20250224T000000Z,20250224T000000Z,P1D,Independence Day (Estonia),National Day of Estonia,Estonia,,,,,,,,,,,,,,,,REQUIRES_VALIDATION
50,20250826T1348,20250224T000000Z,20250302T000000Z,P7D,Masnytsia/Maslenitsa,Masnytsia/Maslenitsa is an Eastern Slavic religious and folk festival. It has roots in the Slavic pagan tradition of bidding farewell to winter. It is widely celebrated in various Eastern Slavic communities during the last week before Great Lent.,Orthodox,,,,,,,,,,,,,20250826T1348,,,
51,,20250225T000000Z,20250225T000000Z,P1D,National Day (Kuwait),National Day of Kuwait,Kuwait,,,,,,,,,,,,,,,,REQUIRES_VALIDATION
52,20250826T1348,20250226T000000Z,20250226T000000Z,P1D,Maha Shivaratri,"Maha Shivaratri is a festival honouring the Hindu god, Lord Shiva.",Hinduism,,,,,,,,,,,,,20250826T1348,,,
53,,20250227T000000Z,20250227T000000Z,P1D,Independence Day (Dominican Republic),National Day of Dominican Republic,Dominican Republic,,,,,,,,,,,,,,,,REQUIRES_VALIDATION
54,20250826T1348,20250227T000000Z,20250329T000000Z,P31D,Ramadan,"Ramadan is the most auspicious month in the Islamic Calendar. It is the month the first verses of the Qur'an were revealed to the Prophet Muhammad. During Ramadan, Muslims around the world fast from sunrise to sunset. This date is confirmed by religious authorities closer to the date.",Islam,,,,,,,,,,,,,20250826T1348,,,
55,20250826T1348,20250228T000000Z,20250302T000000Z,P3D,Lhosar (Tibetan New Year),"Lhosar is a festival in Tibetan Buddhism, celebrated on various dates depending on location (Tibet, Bhutan, Nepal and India). It is a new year's festival, celebrated on the first day of the lunisolar Tibetan calendar. This corresponds to a date in February or March in the Gregorian calendar.",Buddhism,,,,,,,,,,,,,20250826T1348,,,
56,20250826T1348,20250301T000000Z,20250301T000000Z,P1D,Disability Day of Mourning†(International) ,Every year the disability community comes together to remember the victims of filicide. Vigils are held in cities around the world.,International,,,,,,,,,,,,,20250826T1348,,,
57,20250826T1348,20250301T000000Z,20250301T000000Z,P1D,St David's Day,"St David is the patron saint of Wales. St David's Day has been a national celebration for the Welsh community since the 18th century. Celebrations feature parades, festivities and singing.",Wales,,,,,,,,,,,,,20250826T1348,,,
58,20250826T1348,20250301T000000Z,20250301T000000Z,P1D,Zero Discrimination Day (International),"The day celebrates the right of everyone to live a full and productive life - and live it with dignity.† The Day highlights how people can† become informed about and promote inclusion, compassion, peace and, above all, a movement for change.",International,,,,,,,,,,,,,20250826T1348,,,
59,20250826T1348,20250302T000000Z,20250302T000000Z,P1D,Clean Up Australia Day,,Australia,,,,,,,,,,,,,20250826T1348,,,REQUIRES_VALIDATION
60,20250826T1348,20250302T000000Z,20250315T000000Z,P13D,NSW Seniors Festival,,Australia (NSW),,,,,,,,,,,,,20250826T1348,,,REQUIRES_VALIDATION
61,,20250303T000000Z,20250303T000000Z,P1D,National Day (Bulgaria),National Day of Bulgaria,Bulgaria,,,,,,,,,,,,,,,,REQUIRES_VALIDATION
62,20250826T1348,20250304T000000Z,20250304T000000Z,P1D,Shrove Tuesday,Shrove Tuesday is the English name for the last day before Lent in the Christian calendar. Many Christian communities mark this day by participating in confession and absolution. It can also include the ritual burning of the previous year's Holy Week palms and finalising one's Lenten sacrifice. Other activities include eating pancakes and other sweets. In some countries it is known as Mardi Gras (French for 'Fat Tuesday'). In Spanish and Portuguese countries it is called Carnival. Famous celebrations include the Brazilian Carnival in Rio De Janeiro and the New Orleans Mardi Gras.,Christianity,,,,,,,,,,,,,20250826T1348,,,
63,20250826T1348,20250305T000000Z,20250305T000000Z,P1D,Ash Wednesday (Lent begins),Ash Wednesday is the first day of Lent in the Christian calendar. Lent involves 40 days of fasting and reflection that concludes with Easter.,Christianity,,,,,,,,,,,,,20250826T1348,,,
64,,20250306T000000Z,20250306T000000Z,P1D,Independence Day (Ghana),National Day of Ghana,Ghana,,,,,,,,,,,,,,,,REQUIRES_VALIDATION
65,20250826T1348,20250307T000000Z,20250307T000000Z,P1D,International Women's Day ,"A global day celebrating the social, economic, cultural† and political achievements of women.",International,,,,,,,,,,,,,20250826T1348,,,
66,20250826T1348,20250308T000000Z,20250308T000000Z,P1D,International Women's Day,"International Women's celebrates the social, economic, cultural and political achievements of women.",International,,,,,,,,,,,,,20250826T1348,,,
67,20250826T1348,20250310T000000Z,20250310T000000Z,P1D,Adelaide Cup,South Australia regional holiday,Australia (SA),,,,,,,,,,,,,20250826T1348,,,
68,20250826T1348,20250310T000000Z,20250310T000000Z,P1D,Canberra Day,Australian Capital Territory regional holiday,Australia,,,,,,,,,,,,,20250826T1348,,,
69,20250826T1348,20250310T000000Z,20250310T000000Z,P1D,Eight Hour Day,Tasmania regional holiday,Australia (TAS),,,,,,,,,,,,,20250826T1348,,,
70,,20250312T000000Z,20250312T000000Z,P1D,National Day (Mauritius),National Day of Mauritius,Mauritius,,,,,,,,,,,,,,,,REQUIRES_VALIDATION
71,20250826T1348,20250313T000000Z,20250314T000000Z,P2D,Purim,"Purim commemorates the time when the Jewish people living in the ancient Achaemenid Persian empire were saved from extermination by a courageous young Jewish woman named Esther and her uncle and adviser Mordechai. As with other Jewish holy days, Purim is commemorated from sunset.",Judaism,,,,,,,,,,,,,20250826T1348,,,
72,20250826T1348,20250314T000000Z,20250314T000000Z,P1D,Holi (Festival of Colours),Holi is a Hindu festival celebrated since ancient times to welcome spring and is seen as a new beginning. People cover each other with coloured water and bright powders.,Hinduism,,,,,,,,,,,,,20250826T1348,,,
73,20250826T1348,20250314T000000Z,20250314T000000Z,P1D,World Sleep Day ,"World Sleep Day celebrates the benefits of good and healthy sleep and draws attention to the burden of sleep problems and their medical, educational, and social aspects.†",International,,,,,,,,,,,,,20250826T1348,,,
74,20250826T1348,20250317T000000Z,20250317T000000Z,P1D,St Patrick's Day (Ireland),This day is Ireland's National Day. St†Patrick is the patron saint of Ireland. He brought Christianity to Ireland in the early days of the faith.,Ireland,,,,,,,,,,,,,20250826T1348,,,
75,20250826T1348,20250317T000000Z,20250323T000000Z,P6D,"Cultural Diversity Week (Victoria, Australia)","Cultural Diversity Week features a program of festivals and events highlighting Victoria's cultural, linguistic and religious diversity.†",Australia (Victoria),,,,,,,,,,,,,20250826T1348,,,
76,20250826T1348,20250317T000000Z,20250323T000000Z,P7D,Harmony Week,"Harmony Week celebrates the cohesive and inclusive nature of our diverse nation. Schools, community groups and organisations across Australia host Harmony Week events.",Australia,,,,,,,,,,,,,20250826T1348,,,
77,20250826T1348,20250318T000000Z,20250318T000000Z,P1D,World Social Work Day,,International,,,,,,,,,,,,,20250826T1348,,,REQUIRES_VALIDATION
78,,20250320T000000Z,20250320T000000Z,P1D,Independence Day (Tunisia),National Day of Tunisia,Tunisia,,,,,,,,,,,,,,,,REQUIRES_VALIDATION
79,20250826T1348,20250320T000000Z,20250320T000000Z,P1D,International Day of Happiness,,International,,,,,,,,,,,,,20250826T1348,,,REQUIRES_VALIDATION
80,20250826T1348,20250320T000000Z,20250320T000000Z,P1D,National Close the Gap Day,National Close the Gap Day aims to raise awareness about the health and life expectancy gap between Indigenous and non-Indigenous Australians.,Australia,,,,,,,,,,,,,20250826T1348,,,
81,20250826T1348,20250320T000000Z,20250320T000000Z,P1D,"Naw-Ruz, Nowruz (Baha'i)","Naw Ruz is the Baha'i New Year festival, marking the first day in the Baha'i calendar. It also marks the end of the 19-day Baha'i Fast and symbolises the new life of spring. Work is suspended on this day.",Baha'i,,,,,,,,,,,,,20250826T1348,,,
82,20250826T1348,20250320T000000Z,20250320T000000Z,P1D,Nowruz (New Year),"Nowruz means -new day' in Farsi. It is a traditional festival of spring that has been celebrated for more than 3000 years. The ancient celebration of Nowruz is shared by many peoples from Iran, Afghanistan, Iraq, and others in the Black Sea basin, the Balkans, the Caucasus and Western, Central and Southern Asia. This festival has a number of different spellings.",International,,,,,,,,,,,,,20250826T1348,,,
83,,20250321T000000Z,20250321T000000Z,P1D,Independence Day (Namibia),National Day of Namibia,Namibia,,,,,,,,,,,,,,,,REQUIRES_VALIDATION
84,20250826T1348,20250321T000000Z,20250321T000000Z,P1D,International Day for the Elimination of Racial Discrimination,"The International Day for the Elimination of Racial Discrimination is observed on 21†March. On that day in 1960, police opened fire at a peaceful demonstration in Sharpeville, South Africa, against the apartheid pass laws; 69 people were killed, and 180 were injured.",International,,,,,,,,,,,,,20250826T1348,,,
85,20250826T1348,20250321T000000Z,20250321T000000Z,P1D,International Day for the Elimination of Racial Discrimination ,"Also known as -End racism day', it is -observed annually on the day the police in Sharpeville, South Africa, opened fire and killed 69 people at a peaceful demonstration against apartheid ""pass laws""ù in 1960'.†",International,,,,,,,,,,,,,20250826T1348,,,
86,20250826T1348,20250321T000000Z,20250321T000000Z,P1D,World Down Syndrome Day ,Celebrates the lives and achievements of people with Down syndrome. The Day provides an opportunity to raise awareness about the rights and inclusion of people with Down syndrome.†,International,,,,,,,,,,,,,20250826T1348,,,
87,,20250323T000000Z,20250323T000000Z,P1D,National Day (Pakistan),National Day of Pakistan,Pakistan,,,,,,,,,,,,,,,,REQUIRES_VALIDATION
88,20250826T1348,20250323T000000Z,20250323T000000Z,P1D,Shaheed Day,Bangladesh holds Shaheed Day each year in memory of the bravery and death of Dhaka University students who fought to keep Bengali as the national language.,Bengali,,,,,,,,,,,,,20250826T1348,,,
89,,20250325T000000Z,20250325T000000Z,P1D,Independence Day (Greece),National Day of Greece,Greece,,,,,,,,,,,,,,,,REQUIRES_VALIDATION
90,,20250326T000000Z,20250326T000000Z,P1D,Independence Day (Bangladesh),National Day of Bangladesh,Bangladesh,,,,,,,,,,,,,,,,REQUIRES_VALIDATION
91,20250826T1348,20250330T000000Z,20250330T000000Z,P1D,Ugadi (Telugu New Year),"Ugadi or Yugadi, also known as SamvatsarƒÅdi (meaning 'beginning of the year'), is New Year's Day according to the Hindu calendar. It is celebrated in the states of Andhra Pradesh, Telangana, Karnataka, Tamil Nadu and Goa in India.",Hinduism,,,,,,,,,,,,,20250826T1348,,,
92,20250826T1348,20250330T000000Z,20250331T000000Z,P2D,Eid al Fitr,"The Islamic month of fasting, Ramadan, ends with the festival of Eid al Fitr. A celebratory meal breaks the fast, and good deeds have special significance during this time. Eid is also a time of forgiveness and making amends. The observance is subject to the sighting of the moon.",Islam,,,,,,,,,,,,,20250826T1348,,,
93,20250826T1348,20250331T000000Z,20250331T000000Z,P1D,International Transgender Day of Visibility ,"Trans Day of Visibility is an annual international celebration of trans pride and awareness, recognising trans and gender diverse experiences and achievements.†",International,,,,,,,,,,,,,20250826T1348,,,
94,20250826T1348,20250401T000000Z,20250401T000000Z,P1D,Kha b-Nisan (Assyrian and Chaldean New Year),"Kha b-Nisan (also known as Akitu) is the traditional New Year celebration of the Assyrian, Chaldean, and some Syriac communities. It marks the beginning of the Assyrian calendar and has roots in ancient Mesopotamian civilisation.",Assyrian and Chaldean,,,,,,,,,,,,,20250826T1348,,,
95,20250826T1348,20250402T000000Z,20250402T000000Z,P1D,World Autism Awareness Day (Jainism),The Day 'recognises and celebrates the rights of persons with autism'.†,International,,,,,,,,,,,,,20250826T1348,,,
96,,20250404T000000Z,20250404T000000Z,P1D,Independence Day (Senegal),National Day of Senegal,Senegal,,,,,,,,,,,,,,,,REQUIRES_VALIDATION
97,20250826T1348,20250404T000000Z,20250404T000000Z,P1D,Qingming (Tomb Sweeping Day),Qingming is a time for Chinese people to show respect to their ancestors by visiting and cleaning their ancestors' tombs.,China,,,,,,,,,,,,,20250826T1348,,,
98,20250826T1348,20250407T000000Z,20250407T000000Z,P1D,Hung Vuong Festival,"The Hung Kings' Temple Festival is a Vietnamese festival held from the eighth to the eleventh day of the third lunar month in honour of the Hung Vuong or Hung Kings. The Festival commemorates the contributions of the Hung dynasty, who were the traditional founders of the nation and the first emperors of Vietnam. Since 2007 this has been a national holiday in Vietnam.",Vietnam,,,,,,,,,,,,,20250826T1348,,,
99,20250826T1348,20250407T000000Z,20250407T000000Z,P1D,World Health Day,,International,,,,,,,,,,,,,20250826T1348,,,REQUIRES_VALIDATION
100,20250826T1348,20250408T000000Z,20250408T000000Z,P1D,Hana Matsuri (Flower Festival),"In Japan, Buddha's Birthday is celebrated on 8 April. The day features the display of flowers at temples and the viewing of cherry blossoms throughout the country.",Buddhism,,,,,,,,,,,,,20250826T1348,,,
101,20250826T1348,20250409T000000Z,20250417T000000Z,P8D,NSW Youth Week,,Australia (NSW),,,,,,,,,,,,,20250826T1348,,,REQUIRES_VALIDATION
102,20250826T1348,20250410T000000Z,20250410T000000Z,P1D,Mahavir Jayanti ,This festival celebrates the day of Mahavira's birth. Jains will gather in temples to hear readings of the teachings of Mahavira. Images of Mahavira are paraded through the streets with much pomp and ceremony.,Hinduism,,,,,,,,,,,,,20250826T1348,,,
103,20250826T1348,20250412T000000Z,20250412T000000Z,P1D,Hanuman Jayanti,Hanuman Jayanti is a Hindu religious festival that celebrates the birth of the Hindu God Hanuman. Hanuman is highly venerated throughout India and Nepal. This festival is celebrated on different days across India.,Hinduism,,,,,,,,,,,,,20250826T1348,,,
104,20250826T1348,20250412T000000Z,20250421T000000Z,P10D,Passover,Passover is the first and most significant of the Jewish pilgrim festivals. It celebrates the redemption by God of the Jewish people from slavery in Egypt. Work is not permitted on the first two and last two days. Many Jews refrain from work during the whole festival.,Judaism,,,,,,,,,,,,,20250826T1348,,,
105,20250826T1348,20250413T000000Z,20250413T000000Z,P1D,Palm Sunday,The final Sunday before Easter Sunday marks the beginning of Christian Holy Week and commemorates the story of Jesus' arrival in Jerusalem before his crucifixion.,Christianity,,,,,,,,,,,,,20250826T1348,,,
106,20250826T1348,20250413T000000Z,20250413T000000Z,P1D,Songkran (Thai New Year),"Songkran is the Thai New Year and Water Festival. Thai, Laos, Cambodia, and Myanmar communities celebrate this festival with food, crafts and entertainment. Songkran begins on 13 April yearly and is recognised as a national holiday.",Buddhism,,,,,,,,,,,,,20250826T1348,,,
107,20250826T1348,20250413T000000Z,20250416T000000Z,P4D,Pii Mai (Lao New Year),"Lao New Year or Pii Mai is celebrated every year. The coming of the New Year isseen as an opportunity to let go of the past and embrace a promising new future. Water, which holds great symbolic value in Lao culture, is used to wash Buddha statues. Sand is brought to the temple grounds and is made into stupas or mounds, then decorated before being given to the monks as a way of making merit. People also splash water on each other during the celebrations that last three days.",Lao People's Democratic Republic,,,,,,,,,,,,,20250826T1348,,,
108,20250826T1348,20250413T000000Z,20250416T000000Z,P4D,Thingyan (Burmese New Year),"Thingyan is the most significant festival on the Myanmar calendar. It marks the start of the New Year, the beginning of the Myanmar lunar calendar and celebrates life and rebirth.",Burmese,,,,,,,,,,,,,20250826T1348,,,
109,20250826T1348,20250414T000000Z,20250414T000000Z,P1D,Aluth Avurudda (Sinhalese New Year),Aluth Ayurudda is a festival that marks the beginning of the solar New Year. It is traditionally celebrated by Sinhalese in Sri Lanka.,Hindu,,,,,,,,,,,,,20250826T1348,,,
110,20250826T1348,20250414T000000Z,20250414T000000Z,P1D,Maithil New Year,"Maithil New Year is celebrated by communities in various parts of India, including Tamil Nadu, Assam, Bengal, Kerala, Manipur, Orissa, Punjab and Tripura. It is also celebrated in Nepal.",Hinduism,,,,,,,,,,,,,20250826T1348,,,
111,20250826T1348,20250414T000000Z,20250414T000000Z,P1D,Navavarsha (Nepalese New Year),"Nepal relies upon more than one calendar. As such, residents of Nepal enjoy three New Year celebrations. These are the New Year on the Gregorian calendar, Tibetan New Year and Navavarsha. Navavarsha is typically held in the second week of April, the first day of Baisakh on the Bikram Sambat calendar. Nepal also celebrates the lunar new year (Sonam Lhosar) with a public holiday.",Nepalese,,,,,,,,,,,,,20250826T1348,,,
112,20250826T1348,20250414T000000Z,20250414T000000Z,P1D,Puthandu (Tamil New Year),"Puthandu, also known as Puthu-varusham, is the beginning of the solar new year. It is celebrated by Tamils around the world.",Hinduism,,,,,,,,,,,,,20250826T1348,,,
113,20250826T1348,20250414T000000Z,20250414T000000Z,P1D,Vaisakhi (Baisakhi) - Sikh New Year Festival,"Vaisakhi, also known as Baisakhi, is an ancient harvest festival that marks the beginning of a new solar year and harvest season. It is commonly celebrated by the Sikh community.",Sikhism,,,,,,,,,,,,,20250826T1348,,,
114,20250826T1348,20250414T000000Z,20250416T000000Z,P3D,Choul Chnam Thmey (Cambodian/Khmer New Year),"Khmer New Year is usually a three-day public holiday in Cambodia. 'Choul Chnam Thmey' means 'enter the new year'. The New Year coincides with the traditional solar new year in several parts of India, Bangladesh, Nepal, Sri Lanka, Myanmar, Laos and Thailand. Traditionally it marks the end of the harvesting season when farmers enjoy the fruits of their labour before the rainy season begins. A three-day public holiday is observed in the country.",Cambodia,,,,,,,,,,,,,20250826T1348,,,
115,20250826T1348,20250415T000000Z,20250415T000000Z,P1D,Pohela Boishakh (Bengali New Year),Pohela Boishakh marks the first day of the Bangla Calendar. People clean and decorate their houses to welcome the New Year. They visit temples and pray for good fortune and prosperity in the coming year.,Bengali,,,,,,,,,,,,,20250826T1348,,,
116,20250826T1348,20250417T000000Z,20250417T000000Z,P1D,Maundy Thursday (Holy Thursday),"Maundy commemorates the washing of the feet (Maundy) and the Last Supper of Jesus Christ with the Apostles, as described in the Christian New Testament. In 2025, Protestant, Catholic and Orthodox Christians commemorate this on the same date.",Christianity,,,,,,,,,,,,,20250826T1348,,,
117,,20250417T000000Z,20250417T000000Z,P1D,National Day (Syrian Arab Republic),National Day of Syrian Arab Republic,Syrian Arab Republic,,,,,,,,,,,,,,,,REQUIRES_VALIDATION
118,20250826T1348,20250418T000000Z,20250418T000000Z,P1D,Good Friday,"Good Friday is a solemn Christian remembrance of the suffering and crucifixion of Jesus Christ. Many countries observe Good Friday as a national holiday on the Friday before Easter. In 2025, Protestant, Catholic and Orthodox Christians commemorate this on the same date.",Christianity,,,,,,,,,,,,,20250826T1348,,,
119,20250826T1348,20250418T000000Z,20250418T000000Z,P1D,Good Friday (Christianity),"Also known as Holy Friday; it is a religious and national holiday in Australia and is held on the Friday before Easter Sunday. On this day, Christians commemorate the crucifixion of Jesus Christ.",Christianity,,,,,,,,,,,,,20250826T1348,,,
120,,20250418T000000Z,20250418T000000Z,P1D,Independence Day (Zimbabwe),National Day of Zimbabwe,Zimbabwe,,,,,,,,,,,,,,,,REQUIRES_VALIDATION
121,20250826T1348,20250419T000000Z,20250419T000000Z,P1D,Holy Saturday,"Holy Saturday is a Christian commemoration of the final day of Christ's death. It is associated with traditions regarding Christ's triumphant descent into hell and a 40-hour-long vigil that followers of Jesus Christ held after his burial on Good Friday. In 2025, Protestant, Catholic and Orthodox Christians commemorate this on the same date.",Christianity,,,,,,,,,,,,,20250826T1348,,,
122,20250826T1348,20250420T000000Z,20250420T000000Z,P1D,Easter Sunday,"Easter Sunday is regarded by Christians as the day of the resurrection of Jesus Christ. In 2025, Protestant, Catholic and Orthodox Christians commemorate this on the same date.",Christianity,,,,,,,,,,,,,20250826T1348,,,
123,20250826T1348,20250420T000000Z,20250420T000000Z,P1D,Easter Sunday (Christianity),"Easter Sunday is a religious and national holiday in Australia. On this day, Christians commemorate the resurrection of Jesus Christ following his death by crucifixion.",Christianity,,,,,,,,,,,,,20250826T1348,,,
124,20250826T1348,20250420T000000Z,20250420T000000Z,P1D,Orthodox Easter,"Orthodox Easter Sunday follows the Julian calendar, rather than the Gregorian calendar used by most western countries and Christian denominations.",Orthodox,,,,,,,,,,,,,20250826T1348,,,
125,20250826T1348,20250420T000000Z,20250501T000000Z,P12D,Ridvan,"Ridvan is the most significant festival of the Baha'i faith and is celebrated over 12 days. The First Day of Ridvan is the most important of the Baha'i Holy Days. It is the day Baha'u'll√°h declared his mission as a messenger of God in the Garden of Ridvan. The festival's first, ninth and twelfth days are considered significant days and work is suspended.",Baha'i,,,,,,,,,,,,,20250826T1348,,,
126,20250826T1348,20250421T000000Z,20250421T000000Z,P1D,Easter Monday,"Easter Monday is the day after Easter Sunday in Eastern or Western Christian traditions. The day marks the resurrection of Jesus Christ three days after his crucifixion. In 2025, Protestant, Catholic and Orthodox Christians commemorate this on the same date.",Christianity,,,,,,,,,,,,,20250826T1348,,,
127,20250826T1348,20250422T000000Z,20250422T000000Z,P1D,Earth Day,,International,,,,,,,,,,,,,20250826T1348,,,REQUIRES_VALIDATION
128,20250826T1348,20250423T000000Z,20250423T000000Z,P1D,St George's Day,"St George is the patron saint of England and one of the most venerated saints in the Anglican church. This day is generally celebrated with parades, dancing and other celebratory activities.",England,,,,,,,,,,,,,20250826T1348,,,
129,20250826T1348,20250423T000000Z,20250424T000000Z,P1D,Yom HaShoah (Judaism),Yom HaShoah (Holocaust Remembrance Day) is a day set aside to remember the millions of Jews who died as victims of the Nazis during World War II and emphasises respect for human dignity.,Judaism,,,,,,,,,,,,,20250826T1348,,,
130,20250826T1348,20250425T000000Z,20250425T000000Z,P1D,ANZAC Day,"ANZAC stands for Australian and New Zealand Army Corps. ANZAC Day is an anniversary of the day when Australian and New Zealand soldiers landed in Galipoli in 1915 as part of the Allies' invasion. It is a public holiday to recognise the contribution and sacrifices of all those who have served Australia in time of war and in war like conflicts. The day is observed with the dawn service, marches and ceremonies across Australia and New Zealand.",Australia,,,,,,,,,,,,,20250826T1348,,,
131,20250826T1348,20250425T000000Z,20250425T000000Z,P1D,"ANZAC Day (Australia, New Zealand)","On 25 April 1915,† Australian and New Zealand soldiers formed part of the allied expedition that set out to capture the Gallipoli peninsula. These became known as Anzacs, and the pride they took in that name continues to this day.†",Australia & New Zealand,,,,,,,,,,,,,20250826T1348,,,
132,,20250426T000000Z,20250426T000000Z,P1D,"Union Day (Tanzania, United Republic Of)","National Day of Tanzania, United Republic Of","Tanzania, United Republic Of",,,,,,,,,,,,,,,,REQUIRES_VALIDATION
133,,20250427T000000Z,20250427T000000Z,P1D,Freedom Day (South Africa),National Day of South Africa,South Africa,,,,,,,,,,,,,,,,REQUIRES_VALIDATION
134,,20250427T000000Z,20250427T000000Z,P1D,Independence Day (Sierra Leone),National Day of Sierra Leone,Sierra Leone,,,,,,,,,,,,,,,,REQUIRES_VALIDATION
135,,20250427T000000Z,20250427T000000Z,P1D,Koningsdag (Netherlands),King's Day / Official Birthday of His Majesty King Willem-Alexander,Netherlands,,,,,,,,,,,,,,,,REQUIRES_VALIDATION
136,,20250427T000000Z,20250427T000000Z,P1D,Togolais National Day (Togo),Togolais National Day / Independence Day,Togo,,,,,,,,,,,,,,,,REQUIRES_VALIDATION
137,,20250501T000000Z,20250501T000000Z,P1D,Constitution Day (Marshall Islands),National Day of Marshall Islands,Marshall Islands,,,,,,,,,,,,,,,,REQUIRES_VALIDATION
138,,20250503T000000Z,20250503T000000Z,P1D,National Independence Day (Poland),National Day of Poland,Poland,,,,,,,,,,,,,,,,REQUIRES_VALIDATION
139,20250826T1348,20250505T000000Z,20250505T000000Z,P1D,Cinco de Mayo,Cinco de Mayo marks the anniversary of the 1862 victory over invading French forces by Mexican troops at the Battle of Puebla. It is an important day of celebration of Mexican culture.,Mexico,,,,,,,,,,,,,20250826T1348,,,
140,,20250508T000000Z,20250508T000000Z,P1D,Yom Ha'atzmaut (Israel),National Day of Israel,Israel,,,,,,,,,,,,,,,,REQUIRES_VALIDATION
141,,20250509T000000Z,20250509T000000Z,P1D,Europe Day (European Union),,European Union,,,,,,,,,,,,,,,,REQUIRES_VALIDATION
142,20250826T1348,20250512T000000Z,20250512T000000Z,P1D,Wesak or Vesak Day (Buddhism),"Vesak celebrates the birth, enlightenment and death of the Buddha on the one day. It is recognised by the UN -to acknowledge the contribution that Buddhism, one of the oldest religions in the world, has made for over two and a half millennia and continues to make to the spirituality of humanity'.",Buddhism,,,,,,,,,,,,,20250826T1348,,,
143,20250826T1348,20250512T000000Z,20250518T000000Z,P6D,Neighbourhood Centre Week,,Australia,,,,,,,,,,,,,20250826T1348,,,REQUIRES_VALIDATION
144,,20250514T000000Z,20250514T000000Z,P1D,Independence Day (Paraguay),National Day of Paraguay,Paraguay,,,,,,,,,,,,,,,,REQUIRES_VALIDATION
145,20250826T1348,20250515T000000Z,20250515T000000Z,P1D,Global Accessibility Awareness Day (GAAD) ,"The purpose of GAAD is to get everyone talking, thinking and learning about digital access and inclusion, and the more than One Billion people with disabilities/impairments.",International,,,,,,,,,,,,,20250826T1348,,,
146,,20250517T000000Z,20250517T000000Z,P1D,Constitution Day (Norway),National Day of Norway,Norway,,,,,,,,,,,,,,,,REQUIRES_VALIDATION
147,20250826T1348,20250517T000000Z,20250517T000000Z,P1D,"IDAHOBIT†(International Day Against Homophobia, Biphobia, Intersexism & Transphobia)",,International,,,,,,,,,,,,,20250826T1348,,,REQUIRES_VALIDATION
148,20250826T1348,20250517T000000Z,20250517T000000Z,P1D,"International Day Against Homophobia, Biphobia, Interphobia and Transphobia†(IDAHOBIT) ",People are encouraged to wear the rainbow on 17 May and use the day as a 'catalyst for creating safe spaces for LGBTIQ people all year round!'†,International,,,,,,,,,,,,,20250826T1348,,,
149,20250826T1348,20250519T000000Z,20250525T000000Z,P6D,National Volunteer Week,,Australia,,,,,,,,,,,,,20250826T1348,,,REQUIRES_VALIDATION
150,20250826T1348,20250520T000000Z,20250520T000000Z,P1D,Dehwa Daymaneh,This date marks the Mandean celebration of the birthday of Yahya Yohana (John the Baptist).,Mandean,,,,,,,,,,,,,20250826T1348,,,
151,,20250520T000000Z,20250520T000000Z,P1D,National Unity Day (Cameroon),National Day of Cameroon,Cameroon,,,,,,,,,,,,,,,,REQUIRES_VALIDATION
152,,20250520T000000Z,20250520T000000Z,P1D,Restoration of Independence (Timor-Leste),National Day of Timor-Leste,Timor-Leste,,,,,,,,,,,,,,,,REQUIRES_VALIDATION
153,20250826T1348,20250521T000000Z,20250521T000000Z,P1D,World Day for Cultural Diversity for Dialogue and Development,"In 2001, UNESCO adopted the Universal Declaration on Cultural Diversity. In December 2002, the UN General Assembly, in its resolution 57/249, declared 21†May to be the World Day for Cultural Diversity for Dialogue and Development.",International,,,,,,,,,,,,,20250826T1348,,,
154,,20250522T000000Z,20250522T000000Z,P1D,Unification Day (Yemen),National Day of Yemen,Yemen,,,,,,,,,,,,,,,,REQUIRES_VALIDATION
155,20250826T1348,20250522T000000Z,20250523T000000Z,P2D,Declaration of the B·b,This date marks the anniversary of the B√°b's announcement of his mission in 1844. The B√°b is a prophet and is considered one of the founders of the Baha'i faith.,Baha'i,,,,,,,,,,,,,20250826T1348,,,
156,20250826T1348,20250523T000000Z,20250523T000000Z,P1D,Vesak Day or Buddha Day,"Vesak or Buddha Day is an important day of celebration for Buddhists around the world. The holiday is celebrated to commemorate the Buddha's birth, enlightenment and death. The date varies by region and tradition.",Buddhism,,,,,,,,,,,,,20250826T1348,,,
157,,20250524T000000Z,20250524T000000Z,P1D,Ecuador's Independence Day (Ecuador),National Day of Ecuador,Ecuador,,,,,,,,,,,,,,,,REQUIRES_VALIDATION
158,,20250524T000000Z,20250524T000000Z,P1D,Independence Day (Eritrea),National Day of Eritrea,Eritrea,,,,,,,,,,,,,,,,REQUIRES_VALIDATION
159,,20250525T000000Z,20250525T000000Z,P1D,Africa Day (Africa Union),National Day of Africa Union,Africa Union,,,,,,,,,,,,,,,,REQUIRES_VALIDATION
160,,20250525T000000Z,20250525T000000Z,P1D,Independence Day (Jordan),National Day of Jordan,Jordan,,,,,,,,,,,,,,,,REQUIRES_VALIDATION
161,,20250525T000000Z,20250525T000000Z,P1D,National Day (Argentina),National Day of Argentina,Argentina,,,,,,,,,,,,,,,,REQUIRES_VALIDATION
162,,20250526T000000Z,20250526T000000Z,P1D,King's Birthday (Denmark),National Day of Denmark,Denmark,,,,,,,,Review annually because it depends on the reigning monarch.,,,,,,,,REQUIRES_VALIDATION
163,,20250526T000000Z,20250526T000000Z,P1D,National Day (Georgia),National Day of Georgia,Georgia,,,,,,,,,,,,,,,,REQUIRES_VALIDATION
164,20250826T1348,20250526T000000Z,20250526T000000Z,P1D,National Sorry Day,"National Sorry Day acknowledges and raises awareness of the history and continued effect of the forced removal of Aboriginal and Torres Strait Islander people from their families, communities and culture.",Australia,,,,,,,,,,,,,20250826T1348,,,
165,20250826T1348,20250527T000000Z,20250527T000000Z,P1D,1967 Referendum Anniversary,"The 1967 Referendum was a landmark achievement following decades of activism by Aboriginal and Torres Strait Islander and non-Indigenous people, where more than 90 percent of Australians voted in favour of amending two sections of the Australian Constitution.",Australia,,,,,,,,,,,,,20250826T1348,,,
166,20250826T1348,20250527T000000Z,20250528T000000Z,P2D,Ascension of Baha'u'll·h,"Ascension of Baha'u'll√°h commemorates the anniversary of the death in 1892 of Baha'u'll√°h, the founder of the Baha'i faith. This solemn anniversary is a day of rest and is often observed by reading or chanting from the scriptures. Many pilgrims visit the Baha'i shrines and tomb in Israel to pray. The Baha'i day ends and a new one begins at sunset. Consequently, the day on which a Feast or Holy Day is observed starts at sundown of the day before the Gregorian calendar dates listed.",Baha'i,,,,,,,,,,,,,20250826T1348,,,
167,20250826T1348,20250527T000000Z,20250603T000000Z,P7D,National Reconciliation Week,National Reconciliation Week celebrations commemorate two significant milestones in the reconciliation journey-the anniversaries of the successful 1967 Referendum and the High Court Mabo Decision.,Australia,,,,,,,,,,,,,20250826T1348,,,
168,,20250528T000000Z,20250528T000000Z,P1D,National Day (Azerbaijan),National Day of Azerbaijan,Azerbaijan,,,,,,,,,,,,,,,,REQUIRES_VALIDATION
169,,20250528T000000Z,20250528T000000Z,P1D,Victory of Adwa Day (Ethiopia),National Day of Ethiopia,Ethiopia,,,,,,,,,,,,,,,,REQUIRES_VALIDATION
170,20250826T1348,20250529T000000Z,20250529T000000Z,P1D,Ascension of Christ,"A Christian holiday that commemorates Jesus Christ's ascension into heaven, according to Christian belief.",Christianity,,,,,,,,,,,,,20250826T1348,,,
171,,20250530T000000Z,20250530T000000Z,P1D,Statehood Day (Croatia),National Day of Croatia,Croatia,,,,,,,,,,,,,,,,REQUIRES_VALIDATION
172,20250826T1348,20250531T000000Z,20250531T000000Z,P1D,Dano Festival,Dano is an official holiday in both North and South Korea to celebrate the ending of spring as the summer season is welcomed. The day marks the beginning of growing season when the farmers have finished seeding and planting and the†Yang†energy is at its highest.†,North and South Korea,,,,,,,,,,,,,20250826T1348,,,
173,20250826T1348,20250531T000000Z,20250531T000000Z,P1D,Dragon Boat Festival,"Dragon Boat Festival (Duanwu Jie or Double Fifth Festival) commemorates the death of the Chinese poet Qu Yuan. It is celebrated in China, Taiwan, Malaysia, Singapore and parts of Indonesia. Cultural events involve eating rice dumplings and traditional dragon boat racing.",Internantional,,,,,,,,,,,,,20250826T1348,,,
174,,20250601T000000Z,20250601T000000Z,P1D,Independence Day (Samoa),National Day of Samoa,Samoa,,,,,,,,,,,,,,,,REQUIRES_VALIDATION
175,20250826T1348,20250601T000000Z,20250603T000000Z,P3D,Shavuot,Shavuot is a Jewish celebration of Moses's descent from Mount Sinai with the Ten Commandments. It is the second of the Jewish pilgrim festivals. Some Jews refrain from working on Shavuot.,Judaism,,,,,,,,,,,,,20250826T1348,,,
176,20250826T1348,20250601T000000Z,20250630T000000Z,P29D,Pride Month (International),"Pride Month celebrates the diversity of the lesbian, gay, bisexual, transgender and intersex community.†",International,,,,,,,,,,,,,20250826T1348,,,
177,20250826T1348,20250602T000000Z,20250602T000000Z,P1D,Reconciliation Day,Australian Capital Territory regional holiday,Australia,,,,,,,,,,,,,20250826T1348,,,
178,,20250602T000000Z,20250602T000000Z,P1D,Republic Day (Italy),National Day of Italy,Italy,,,,,,,,,,,,,,,,REQUIRES_VALIDATION
179,20250826T1348,20250602T000000Z,20250602T000000Z,P1D,Western Australia Day,Western Australia regional holiday,Australia (Western Australia),,,,,,,,,,,,,20250826T1348,,,
180,20250826T1348,20250603T000000Z,20250603T000000Z,P1D,Mabo Day (Australia),"The Day -commemorates the courageous efforts of Eddie Koiki Mabo to overturn the fiction of -terra nullius' (land belonging to no-one), the legal concept that Australia and the Torres Strait Islands were not owned by Indigenous peoples because they did not -use' the land in ways Europeans believed constituted some kind of legal possession'. The decision paved the way for Native Title legislation.†",Australia,,,,,,,,,,,,,20250826T1348,,,
181,20250826T1348,20250604T000000Z,20250609T000000Z,P6D,"The Hajj (Pilgrimage) to Mecca, Saudi Arabia","On specific days of the Islamic month of Zu Al-Hijja, millions of Muslims from around the world congregate in the Prophet's birthplace of Mecca in Saudi Arabia. The Hajj is obligatory for all Muslims who have the means to undertake it.",Islam,,,,,,,,,,,,,20250826T1348,,,
182,20250826T1348,20250605T000000Z,20250605T000000Z,P1D,World Environment Day,,International,,,,,,,,,,,,,20250826T1348,,,REQUIRES_VALIDATION
183,,20250606T000000Z,20250606T000000Z,P1D,National Day (Sweden),National Day of Sweden,Sweden,,,,,,,,,,,,,,,,REQUIRES_VALIDATION
184,20250826T1348,20250606T000000Z,20250610T000000Z,P5D,Eid al Adha,The Eid al Adha means Feast of Sacrifice and commemorates the ordeal of Ibrahim (Abraham) who was asked to sacrifice his only son to prove his faith to Allah (God). The timing of this event is subject to the sighting of the moon) and runs for three to four days.,Islam,,,,,,,,,,,,,20250826T1348,,,
185,20250826T1348,20250608T000000Z,20250608T000000Z,P1D,Pentecost,"A festival where Christians celebrate the gift of the Holy Spirit. It is celebrated on the Sunday 50 days after Easter. The name comes from the Greek†pentekoste, which means -fiftieth'.",Christianity,,,,,,,,,,,,,20250826T1348,,,
186,20250826T1348,20250609T000000Z,20250615T000000Z,P6D,Men's Health Week,,International,,,,,,,,,,,,,20250826T1348,,,REQUIRES_VALIDATION
187,,20250610T000000Z,20250610T000000Z,P1D,"Portugal Day, Cam√µes Day and Day of Portuguese Communities (Portugal)",National Day of Portugal,Portugal,,,,,,,,,,,,,,,,REQUIRES_VALIDATION
188,,20250612T000000Z,20250612T000000Z,P1D,Independence Day (Philippines),National Day of Philippines,Philippines,,,,,,,,,,,,,,,,REQUIRES_VALIDATION
189,,20250612T000000Z,20250612T000000Z,P1D,Russia Day (Russian Federation),National Day of Russian Federation,Russian Federation,,,,,,,,,,,,,,,,REQUIRES_VALIDATION
190,20250826T1348,20250615T000000Z,20250615T000000Z,P1D,Elder Abuse Awareness Day,,International,,,,,,,,,,,,,20250826T1348,,,REQUIRES_VALIDATION
191,20250826T1348,20250615T000000Z,20250621T000000Z,P7D,International Refugee Week,Refugee Week is celebrated around the country. It is an opportunity to acknowledge the success of refugees and humanitarian entrants in Australian society.,International,,,,,,,,,,,,,20250826T1348,,,
192,20250826T1348,20250615T000000Z,20250621T000000Z,P6D,Refugee Week (Australia),"Since early 1945, more than seven million people have come to Australia as new settlers, including around 800 000 people under humanitarian programs, initially as displaced persons and more recently as refugees.††",Australia,,,,,,,,,,,,,20250826T1348,,,
193,,20250617T000000Z,20250617T000000Z,P1D,National Day (Iceland),National Day of Iceland,Iceland,,,,,,,,,,,,,,,,REQUIRES_VALIDATION
194,,20250618T000000Z,20250618T000000Z,P1D,National Day (Seychelles),National Day of Seychelles,Seychelles,,,,,,,,,,,,,,,,REQUIRES_VALIDATION
195,20250826T1348,20250620T000000Z,20250620T000000Z,P1D,Matariki,Matariki is a New Zealand national holiday to celebrate the first rising of the Pleiades star cluster. This marks the beginning of the new year in the MƒÅori lunar calendar.,New Zealand,,,,,,,,,,,,,20250826T1348,,,
196,20250826T1348,20250620T000000Z,20250620T000000Z,P1D,World Refugee Day ,"The Day celebrates the strength and courage of people who have been forced to flee their home country to escape conflict or persecution.' World Refugee Day 'shines a light on the rights, needs and dreams of refugees, helping to mobilise political will and resources so refugees can not only survive but also thrive'.†",International,,,,,,,,,,,,,20250826T1348,,,
197,,20250623T000000Z,20250623T000000Z,P1D,National Day and Official Birthday of HRH the Grand Duke (Luxembourg),National Day of Luxembourg,Luxembourg,,,,,,,,,,,,,,,,REQUIRES_VALIDATION
198,,20250625T000000Z,20250625T000000Z,P1D,Independence Day (Mozambique),National Day of Mozambique,Mozambique,,,,,,,,,,,,,,,,REQUIRES_VALIDATION
199,,20250625T000000Z,20250625T000000Z,P1D,Statehood Day (Slovenia),National Day of Slovenia,Slovenia,,,,,,,,,,,,,,,,REQUIRES_VALIDATION
200,,20250626T000000Z,20250626T000000Z,P1D,National Day (Madagascar),National Day of Madagascar,Madagascar,,,,,,,,,,,,,,,,REQUIRES_VALIDATION
201,20250826T1348,20250627T000000Z,20250627T000000Z,P1D,Al Hijri (Islamic New Year),"According to the lunar or Islamic Calendar, Al Hijri (Al Hijrah in Arabic) is the Islamic New Year observed on the first day of Muharram. Muharram is the Islamic Calendar's first month of the year and is the second holiest month after Ramadan.",Islam,,,,,,,,,,,,,20250826T1348,,,
202,,20250627T000000Z,20250627T000000Z,P1D,Independence Day (Djibouti),National Day of Djibouti,Djibouti,,,,,,,,,,,,,,,,REQUIRES_VALIDATION
203,,20250630T000000Z,20250630T000000Z,P1D,Independence Day (Democratic Republic of the Congo),National Day of Democratic Republic of the Congo,Democratic Republic of the Congo,,,,,,,,,,,,,,,,REQUIRES_VALIDATION
204,,20250701T000000Z,20250701T000000Z,P1D,Canada Day (Canada),National Day of Canada,Canada,,,,,,,,,,,,,,,,REQUIRES_VALIDATION
205,20250826T1348,20250701T000000Z,20250701T000000Z,P1D,Coming of the Light Festival,The Coming of the Light is celebrated by Torres Strait Islanders. It commemorates the arrival of the London Missionary Society on Erub Island in the Torres Strait in 1871. It led to the adoption of Christianity through island communities during the late 19th century.,Australia,,,,,,,,,,,,,20250826T1348,,,
206,20250826T1348,20250701T000000Z,20250701T000000Z,P1D,International Tartan Day,"International Tartan Day is a celebration of Scottish heritage. It commemorates the repeal of an English law in 1782 that banned the wearing of tartan. In North America, this day is celebrated on 6 April, the date the Declaration of Arbroath was signed in 1320.",International,,,,,,,,,,,,,20250826T1348,,,
207,,20250701T000000Z,20250701T000000Z,P1D,National Day (Burundi),National Day of Burundi,Burundi,,,,,,,,,,,,,,,,REQUIRES_VALIDATION
208,,20250701T000000Z,20250701T000000Z,P1D,Unity / Independence Day (Somalia),National Day of Somalia,Somalia,,,,,,,,,,,,,,,,REQUIRES_VALIDATION
209,,20250703T000000Z,20250703T000000Z,P1D,National Day (Belarus),National Day of Belarus,Belarus,,,,,,,,,,,,,,,,REQUIRES_VALIDATION
210,,20250704T000000Z,20250704T000000Z,P1D,Independence Day (United States of America),National Day of United States of America,United States of America,,,,,,,,,,,,,,,,REQUIRES_VALIDATION
211,,20250705T000000Z,20250705T000000Z,P1D,Independence Day (Cape Verde),National Day of Cape Verde,Cape Verde,,,,,,,,,,,,,,,,REQUIRES_VALIDATION
212,,20250705T000000Z,20250705T000000Z,P1D,Independence Day (Venezuela),National Day of Venezuela,Venezuela,,,,,,,,,,,,,,,,REQUIRES_VALIDATION
213,,20250705T000000Z,20250705T000000Z,P1D,Liberation Day (Rwanda),National Day of Rwanda,Rwanda,,,,,,,,,,,,,,,,REQUIRES_VALIDATION
214,20250826T1348,20250705T000000Z,20250706T000000Z,P2D,Ashura,"For Sunni Muslims, Ashura marks Noah's departure from the ark and the exodus of Moses from Egypt. It is usually marked by a day of non-obligatory fasting. For Shia Muslims, it marks the anniversary of the martyrdom of Prophet Muhammad's grandson Hussein in Karbala, Iraq. It is commemorated with public processions.",Islam,,,,,,,,,,,,,20250826T1348,,,
215,,20250706T000000Z,20250706T000000Z,P1D,Independence Day (Comoros),National Day of Comoros,Comoros,,,,,,,,,,,,,,,,REQUIRES_VALIDATION
216,,20250706T000000Z,20250706T000000Z,P1D,National Day (Malawi),National Day of Malawi,Malawi,,,,,,,,,,,,,,,,REQUIRES_VALIDATION
217,20250826T1348,20250706T000000Z,20250713T000000Z,P7D,NAIDOC Week,"NAIDOC Week celebrations are held across Australia to celebrate history, culture and achievements of Aboriginal peoples and Torres Strait Islander peoples.",Australia,,,,,,,,,,,,,20250826T1348,,,
218,,20250707T000000Z,20250707T000000Z,P1D,National Day (Solomon Islands),National Day of Solomon Islands,Solomon Islands,,,,,,,,,,,,,,,,REQUIRES_VALIDATION
219,,20250709T000000Z,20250709T000000Z,P1D,Independence Day (South Sudan),National Day of South Sudan,South Sudan,,,,,,,,,,,,,,,,REQUIRES_VALIDATION
220,20250826T1348,20250710T000000Z,20250710T000000Z,P1D,Asalha Puja (Dhamma Day),Asalha Puja Day or the Dhamma Day celebrates the first teaching of the Buddha. This Buddhist event commemorates the first sermon delivered by the Buddha after his enlightenment. This event is one of the most important festivals for Theravada Buddhists.,Buddhism,,,,,,,,,,,,,20250826T1348,,,
221,,20250710T000000Z,20250710T000000Z,P1D,Independence Day (Bahamas),National Day of Bahamas,Bahamas,,,,,,,,,,,,,,,,REQUIRES_VALIDATION
222,,20250711T000000Z,20250711T000000Z,P1D,Naadam (Mongolia),National Day of Mongolia,Mongolia,,,,,,,,,,,,,,,,REQUIRES_VALIDATION
223,,20250712T000000Z,20250712T000000Z,P1D,Independence Day (Kiribati),National Day of Kiribati,Kiribati,,,,,,,,,,,,,,,,REQUIRES_VALIDATION
224,,20250712T000000Z,20250712T000000Z,P1D,Independence Day (Sao Tome and Principe),National Day of Sao Tome and Principe,Sao Tome and Principe,,,,,,,,,,,,,,,,REQUIRES_VALIDATION
225,,20250713T000000Z,20250713T000000Z,P1D,National Day (Montenegro),National Day of Montenegro,Montenegro,,,,,,,,,,,,,,,,REQUIRES_VALIDATION
226,,20250714T000000Z,20250714T000000Z,P1D,Bastille Day (France),National Day of France,France,,,,,,,,,,,,,,,,REQUIRES_VALIDATION
227,20250826T1348,20250714T000000Z,20250714T000000Z,P1D,International Non-Binary People's Day ,Held precisely in between International Men's Day and International Women's Day.†,International,,,,,,,,,,,,,20250826T1348,,,
228,20250826T1348,20250719T000000Z,20250721T000000Z,P3D,Karsa (Mandaean New Year),Karsa marks the beginning of a new year for Mandaeans and is spent and celebrated with family. It begins at dusk and ends 36 hours later.,Mandaean,,,,,,,,,,,,,20250826T1348,,,
229,,20250720T000000Z,20250720T000000Z,P1D,National Day (Colombia),National Day of Colombia,Colombia,,,,,,,,,,,,,,,,REQUIRES_VALIDATION
230,,20250721T000000Z,20250721T000000Z,P1D,National Day (Belgium),Accession of King Leopold I (1831) (Belgium),Belgium,,,,,,,,,,,,,,,,REQUIRES_VALIDATION
231,,20250723T000000Z,20250723T000000Z,P1D,Anniversary of Revolution of 23 July (Egypt),National Day of Egypt,Egypt,,,,,,,,,,,,,,,,REQUIRES_VALIDATION
232,,20250726T000000Z,20250726T000000Z,P1D,Independence Day (Liberia),National Day of Liberia,Liberia,,,,,,,,,,,,,,,,REQUIRES_VALIDATION
233,,20250726T000000Z,20250726T000000Z,P1D,Qaumee Dhuvas (Maldives),National Day of Maldives,Maldives,,,,,,,,,,,,,,,,REQUIRES_VALIDATION
234,,20250728T000000Z,20250728T000000Z,P1D,Independence Day (Peru),National Day of Peru,Peru,,,,,,,,,,,,,,,,REQUIRES_VALIDATION
235,,20250730T000000Z,20250730T000000Z,P1D,Independence Day (Vanuatu),National Day of Vanuatu,Vanuatu,,,,,,,,,,,,,,,,REQUIRES_VALIDATION
236,20250826T1348,20250730T000000Z,20250730T000000Z,P1D,International Day of Friendship ,"The day was proclaimed in 2011 by the UNGA -with the idea that friendship between peoples, countries, cultures and individuals can inspire peace efforts and build bridges between communities.'†",International,,,,,,,,,,,,,20250826T1348,,,
237,,20250730T000000Z,20250730T000000Z,P1D,Throne Day (Morocco),National Day of Morocco,Morocco,,,,,,,,,,,,,,,,REQUIRES_VALIDATION
238,,20250801T000000Z,20250801T000000Z,P1D,Foundation of the Swiss Confederation (Switzerland),National Day of Switzerland,Switzerland,,,,,,,,,,,,,,,,REQUIRES_VALIDATION
239,,20250801T000000Z,20250801T000000Z,P1D,National Day (Benin),National Day of Benin,Benin,,,,,,,,,,,,,,,,REQUIRES_VALIDATION
240,20250826T1348,20250804T000000Z,20250804T000000Z,P1D,Bank Holiday,New South Wales bank holiday,Australia (NSW),,,,,,,,,,,,,20250826T1348,,,
241,,20250804T000000Z,20250804T000000Z,P1D,Constitution Day (Cook Islands),National Day of Cook Islands,Cook Islands,,,,,,,,,,,,,,,,REQUIRES_VALIDATION
242,20250826T1348,20250804T000000Z,20250804T000000Z,P1D,National Aboriginal and Torres Strait Islander Children's Day,National Aboriginal and Torres Strait Islander Children's Day (NAICD) is a celebration of Indigenous children. NAICD was first observed by the Secretariat of National Aboriginal and Islander Child Care (SNAICC) in 1988.,Australia,,,,,,,,,,,,,20250826T1348,,,
243,20250826T1348,20250804T000000Z,20250804T000000Z,P1D,Picnic Day,Northern Territory regional holiday,Australia (NT),,,,,,,,,,,,,20250826T1348,,,
244,20250826T1348,20250804T000000Z,20250810T000000Z,P6D,Homelessness Week,,Australia,,,,,,,,,,,,,20250826T1348,,,REQUIRES_VALIDATION
245,20250826T1348,20250804T000000Z,20250810T000000Z,P6D,Loneliness Awareness Week,,International,,,,,,,,,,,,,20250826T1348,,,REQUIRES_VALIDATION
246,20250826T1348,20250806T000000Z,20250806T000000Z,P1D,Hiroshima Day,"Hiroshima Day commemorates those who lost their lives in the bombing of Hiroshima, Japan on 6 August 1945, and to pray for lasting world peace.",International,,,,,,,,,,,,,20250826T1348,,,
247,,20250806T000000Z,20250806T000000Z,P1D,Independence Day (Bolivia),National Day of Bolivia,Bolivia,,,,,,,,,,,,,,,,REQUIRES_VALIDATION
248,,20250806T000000Z,20250806T000000Z,P1D,National Day (Jamaica),National Day of Jamaica,Jamaica,,,,,,,,,,,,,,,,REQUIRES_VALIDATION
249,,20250807T000000Z,20250807T000000Z,P1D,National Day (CÙte d'Ivoire),National Day of CÙte d'Ivoire,CÙte d'Ivoire,,,,,,,,,,,,,,,,REQUIRES_VALIDATION
250,20250826T1348,20250809T000000Z,20250809T000000Z,P1D,International Day of the World's Indigenous Peoples,The United Nations' International Day of the World's Indigenous Peoples encourages people to protect and promote the rights of indigenous peoples.,International,,,,,,,,,,,,,20250826T1348,,,
251,20250826T1348,20250809T000000Z,20250809T000000Z,P1D,International Day of the World's††Indigenous People ,Observed annually to promote and protect the rights of the world's Indigenous population. This event also recognises the achievements and contributions that Indigenous people make to improve world issues such as environmental protection.†,International,,,,,,,,,,,,,20250826T1348,,,
252,20250826T1348,20250809T000000Z,20250809T000000Z,P1D,Nagasaki Day,Nagasaki Day commemorates the victims of the atomic bombing of the city of Nagasaki in 1945. It is held three days following the observance of Hiroshima Day.,International,,,,,,,,,,,,,20250826T1348,,,
253,,20250809T000000Z,20250809T000000Z,P1D,National Day (Singapore),National Day of Singapore,Singapore,,,,,,,,,,,,,,,,REQUIRES_VALIDATION
254,20250826T1348,20250809T000000Z,20250809T000000Z,P1D,Raksha Bandhan,Raksha Bandhan means bond of protection. This Hindu festival honours the love between brothers and sisters. It is marked by the tying of a rakhi thread by the sister on her brother's wrist.,Hinduism,,,,,,,,,,,,,20250826T1348,,,
255,,20250811T000000Z,20250811T000000Z,P1D,National Day (Chad),National Day of Chad,Chad,,,,,,,,,,,,,,,,REQUIRES_VALIDATION
256,20250826T1348,20250812T000000Z,20250812T000000Z,P1D,International Youth Day ,"International Youth Day gives an opportunity to celebrate and mainstream young peoples' voices, actions and initiatives, as well as their meaningful, universal and equitable engagement.†",International,,,,,,,,,,,,,20250826T1348,,,
257,20250826T1348,20250813T000000Z,20250813T000000Z,P1D,Ekka Holiday,Queensland (Brisbane City) regional holiday,Australia (QLD),,,,,,,,,,,,,20250826T1348,,,
258,20250826T1348,20250815T000000Z,20250815T000000Z,P1D,Feast of the Assumption of the Blessed Virgin Mary,This Christian feast day celebrates the belief that God assumed the Virgin Mary into heaven following her death. The Assumption signals the end of Mary's earthly life and marks her return to heaven to be reunited with Jesus.†,Christianity,,,,,,,,,,,,,20250826T1348,,,
259,,20250815T000000Z,20250815T000000Z,P1D,"Independence Day (Congo, Republic of)","National Day of Congo, Republic of","Congo, Republic of",,,,,,,,,,,,,,,,REQUIRES_VALIDATION
260,,20250815T000000Z,20250815T000000Z,P1D,Independence Day (India),National Day of India,India,,,,,,,,,,,,,,,,REQUIRES_VALIDATION
261,,20250815T000000Z,20250815T000000Z,P1D,National Day (Liechtenstein),National Day of Liechtenstein,Liechtenstein,,,,,,,,,,,,,,,,REQUIRES_VALIDATION
262,20250826T1348,20250816T000000Z,20250816T000000Z,P1D,Krishna Janmashtami (Hinduism),"Krishna Janmashtami is one of the most important Hindu festivals. This day celebrates the birthday of Lord Krishna, believed to be the eighth reincarnation of Lord Vishnu, who gave the vital message of the Bhagwat Gita ""ì the guiding principles for every Hindu.",Hinduism,,,,,,,,,,,,,20250826T1348,,,
263,,20250817T000000Z,20250817T000000Z,P1D,National Day (Gabon),National Day of Gabon,Gabon,,,,,,,,,,,,,,,,REQUIRES_VALIDATION
264,,20250817T000000Z,20250817T000000Z,P1D,Proclamation of Independence (Indonesia),National Day of Indonesia,Indonesia,,,,,,,,,,,,,,,,REQUIRES_VALIDATION
265,,20250819T000000Z,20250819T000000Z,P1D,Independence Day (Afghanistan),National Day of Afghanistan,Afghanistan,,,,,,,,,,,,,,,,REQUIRES_VALIDATION
266,20250826T1348,20250819T000000Z,20250819T000000Z,P1D,World Humanitarian Day,,International,,,,,,,,,,,,,20250826T1348,,,REQUIRES_VALIDATION
267,,20250820T000000Z,20250820T000000Z,P1D,Day of the Foundation of the State of Hungary and St Stephen's Day (Hungary),National Day of Hungary,Hungary,,,,,,,,,,,,,,,,REQUIRES_VALIDATION
268,,20250824T000000Z,20250824T000000Z,P1D,Independence Day (Ukraine),National Day of Ukraine,Ukraine,,,,,,,,,,,,,,,,REQUIRES_VALIDATION
269,20250826T1348,20250825T000000Z,20250825T000000Z,P1D,Australian South Sea Islanders National Recognition Day,"In 1994, the Commonwealth Government recognised Australian South Sea Islanders as a distinct cultural group. A formal Recognition Statement by the Queensland Government followed this in September 2000.",Australia (QLD),,,,,,,,,,,,,20250826T1348,,,
270,,20250825T000000Z,20250825T000000Z,P1D,Independence Day (Uruguay),National Day of Uruguay,Uruguay,,,,,,,,,,,,,,,,REQUIRES_VALIDATION
271,20250826T1348,20250826T000000Z,20250827T000000Z,P2D,Ganesh Chaturthi,Ganesh Chaturthi is a Hindu celebration of the birth of Lord Ganesha.,Hinduism,,,,,,,,,,,,,20250826T1348,,,
272,,20250827T000000Z,20250827T000000Z,P1D,"National Day (Moldova, Republic Of)","National Day of Moldova, Republic Of","Moldova, Republic Of",,,,,,,,,,,,,,,,REQUIRES_VALIDATION
273,20250826T1348,20250829T000000Z,20250829T000000Z,P1D,Wear it Purple Day,"LGBTIQA+ awareness day ""ì wear it Purple strives to foster supportive, safe, empowering and inclusive environments for rainbow young people.†",International,,,,,,,,,,,,,20250826T1348,,,
274,,20250831T000000Z,20250831T000000Z,P1D,National Day (Kyrgyzstan),National Day of Kyrgyzstan,Kyrgyzstan,,,,,,,,,,,,,,,,REQUIRES_VALIDATION
275,,20250831T000000Z,20250831T000000Z,P1D,National Day (Malaysia),National Day of Malaysia,Malaysia,,,,,,,,,,,,,,,,REQUIRES_VALIDATION
276,,20250831T000000Z,20250831T000000Z,P1D,National Day (Trinidad and Tobago),National Day of Trinidad and Tobago,Trinidad and Tobago,,,,,,,,,,,,,,,,REQUIRES_VALIDATION
277,,20250901T000000Z,20250901T000000Z,P1D,Constitution Day (Slovak Republic),National Day of Slovak Republic,Slovak Republic,,,,,,,,,,,,,,,,REQUIRES_VALIDATION
278,,20250901T000000Z,20250901T000000Z,P1D,National Day (Uzbekistan),National Day of Uzbekistan,Uzbekistan,,,,,,,,,,,,,,,,REQUIRES_VALIDATION
279,,20250902T000000Z,20250902T000000Z,P1D,National Day (Vietnam),National Day of Vietnam,Vietnam,,,,,,,,,,,,,,,,REQUIRES_VALIDATION
280,,20250903T000000Z,20250903T000000Z,P1D,Feast of Saint Marinus (San Marino),Feast of Saint Marinus / Foundation Day,San Marino,,,,,,,,,,,,,,,,REQUIRES_VALIDATION
281,20250826T1348,20250903T000000Z,20250903T000000Z,P1D,Indigenous Literacy Day,"Indigenous Literacy Day is a national celebration of culture, stories, language and literacy. This day raises awareness of the disadvantages experienced in remote communities and advocates for more access to literacy resources.",Australia,,,,,,,,,,,,,20250826T1348,,,
282,20250826T1348,20250904T000000Z,20250905T000000Z,P2D,Onam,"Onam is a Hindu harvest festival celebrated predominantly in Kerala, India.",Hinduism,,,,,,,,,,,,,20250826T1348,,,
283,20250826T1348,20250905T000000Z,20250905T000000Z,P1D,Mawlid Al-Nabi (Birth of the Prophet Muhammad),"The Prophet Muhammad's birthday is commemorated in most Muslim-majority countries. It is usually marked by prayers, carnivals, fairs and public processions.",Islam,,,,,,,,,,,,,20250826T1348,,,
284,,20250906T000000Z,20250906T000000Z,P1D,National Day (Eswatini),National Day of Eswatini,Eswatini,,,,,,,,,,,,,,,,REQUIRES_VALIDATION
285,,20250907T000000Z,20250907T000000Z,P1D,Independence Day (Brazil),National Day of Brazil,Brazil,,,,,,,,,,,,,,,,REQUIRES_VALIDATION
286,,20250908T000000Z,20250908T000000Z,P1D,Independence Day (North Macedonia),National Day of North Macedonia,North Macedonia,,,,,,,,,,,,,,,,REQUIRES_VALIDATION
287,,20250908T000000Z,20250908T000000Z,P1D,National Day (Andorra),National Day of Andorra,Andorra,,,,,,,,,,,,,,,,REQUIRES_VALIDATION
288,20250826T1348,20250909T000000Z,20250909T000000Z,P1D,African Union (AU) Day,AU Day offers an occasion to promote the African Union and its activities all over the African continent and in the world.,Africa,,,,,,,,,,,,,20250826T1348,,,
289,,20250909T000000Z,20250909T000000Z,P1D,"National Day (Korea, Democratic People's Republic Of)","National Day of Korea, Democratic People's Republic Of","Korea, Democratic People's Republic Of",,,,,,,,,,,,,,,,REQUIRES_VALIDATION
290,,20250909T000000Z,20250909T000000Z,P1D,National Day (Tajikistan),National Day of Tajikistan,Tajikistan,,,,,,,,,,,,,,,,REQUIRES_VALIDATION
291,20250826T1348,20250911T000000Z,20250911T000000Z,P1D,Enkutatash (Ethiopian New Year),Enkutatash is the New Year in Ethiopia and Eritrea.,Ethiopia,,,,,,,,,,,,,20250826T1348,,,
292,20250826T1348,20250911T000000Z,20250911T000000Z,P1D,Nayrouz (Coptic New Year),The Nayrouz feast commemorates martyrs and confessors within the Coptic Orthodox Church. The day marks the start of the Coptic new year and its first month.,Coptic,,,,,,,,,,,,,20250826T1348,,,
293,20250826T1348,20250911T000000Z,20250911T000000Z,P1D,R U OK? Day,R U OK? inspire and empower everyone to meaningfully connect with the people around them and start a conversation with anyone who may be struggling with life.†,Australia,,,,,,,,,,,,,20250826T1348,,,
294,20250826T1348,20250913T000000Z,20250913T000000Z,P1D,Anniversary of the Declaration on the Rights of Indigenous People,"The United Nations Declaration on the Rights of Indigenous Peoples (UNDRIP) was adopted by the General Assembly on Thursday, 13 September 2007.",Australia,,,,,,,,,,,,,20250826T1348,,,
295,,20250915T000000Z,20250915T000000Z,P1D,Independence Day (Costa Rica),National Day of Costa Rica,Costa Rica,,,,,,,,,,,,,,,,REQUIRES_VALIDATION
296,,20250915T000000Z,20250915T000000Z,P1D,Independence Day (El Salvador),National Day of El Salvador,El Salvador,,,,,,,,,,,,,,,,REQUIRES_VALIDATION
297,,20250915T000000Z,20250915T000000Z,P1D,Independence Day (Guatemala),National Day of Guatemala,Guatemala,,,,,,,,,,,,,,,,REQUIRES_VALIDATION
298,,20250915T000000Z,20250915T000000Z,P1D,Independence Day (Honduras),National Day of Honduras,Honduras,,,,,,,,,,,,,,,,REQUIRES_VALIDATION
299,,20250915T000000Z,20250915T000000Z,P1D,Independence Day (Nicaragua),National Day of Nicaragua,Nicaragua,,,,,,,,,,,,,,,,REQUIRES_VALIDATION
300,,20250916T000000Z,20250916T000000Z,P1D,Independence Day (Papua New Guinea),National Day of Papua New Guinea,Papua New Guinea,,,,,,,,,,,,,,,,REQUIRES_VALIDATION
301,,20250916T000000Z,20250916T000000Z,P1D,Proclamation of Independence (Mexico),National Day of Mexico,Mexico,,,,,,,,,,,,,,,,REQUIRES_VALIDATION
302,20250826T1348,20250917T000000Z,20250917T000000Z,P1D,Australian Citizenship Day,"Australian Citizenship Day was introduced in 2001. It is an opportunity for all Australians to celebrate and value Australian citizenship. In particular, this day recognises the peaceful, prosperous and inclusive society we share. The day invites Australians, whether at home or overseas, to reflect on our role in building our nation and shaping our country's future as proud Australian citizens.",Australia,,,,,,,,,,,,,20250826T1348,,,
303,,20250918T000000Z,20250918T000000Z,P1D,Fiestas Patrias (Chile),National Day of Chile,Chile,,,,,,,,,,,,,,,,REQUIRES_VALIDATION
304,20250826T1348,20250918T000000Z,20250918T000000Z,P1D,International Equal Pay Day ,"Celebrated for the first time this 18 September, the Day represents the longstanding efforts towards the achievement of equal pay for work of equal value.†",International,,,,,,,,,,,,,20250826T1348,,,
305,,20250919T000000Z,20250919T000000Z,P1D,Independence Day (Saint Kitts and Nevis),National Day of Saint Kitts and Nevis,Saint Kitts and Nevis,,,,,,,,,,,,,,,,REQUIRES_VALIDATION
306,,20250920T000000Z,20250920T000000Z,P1D,National Democracy Day (Nepal),National Day of Nepal,Nepal,,,,,,,,,,,,,,,,REQUIRES_VALIDATION
307,,20250921T000000Z,20250921T000000Z,P1D,Independence Day (Malta),National Day of Malta,Malta,,,,,,,,,,,,,,,,REQUIRES_VALIDATION
308,20250826T1348,20250921T000000Z,20250921T000000Z,P1D,International Day of Peace ,"The International Day of Peace was established in 1981 by the United Nations General Assembly. Two decades later, in 2001, the General Assembly unanimously voted to designate the Day as a period of non-violence and cease-fire.",International,,,,,,,,,,,,,20250826T1348,,,
309,,20250921T000000Z,20250921T000000Z,P1D,National Day (Armenia),National Day of Armenia,Armenia,,,,,,,,,,,,,,,,REQUIRES_VALIDATION
310,,20250921T000000Z,20250921T000000Z,P1D,National Day (Belize),National Day of Belize,Belize,,,,,,,,,,,,,,,,REQUIRES_VALIDATION
311,,20250922T000000Z,20250922T000000Z,P1D,Proclamation of Independence (Mali),National Day of Mali,Mali,,,,,,,,,,,,,,,,REQUIRES_VALIDATION
312,20250826T1348,20250922T000000Z,20250924T000000Z,P3D,Rosh Hashanah,"Rosh Hashanah is the Jewish New Year festival and commemorates the creation of the world. Customs include the blowing of the Shofar, a ram's horn trumpet, and the dipping of apples in honey as a symbol of the sweet New Year ahead. Work is not permitted on this day.",Judaism,,,,,,,,,,,,,20250826T1348,,,
313,20250826T1348,20250922T000000Z,20250928T000000Z,P6D,National Week of Deaf People (Australia),"The National Week of Deaf People is an opportunity for Deaf people to celebrate their community, language, culture and history; recognise their achievements; and make the public aware of their local, state and national Deaf communities.†",Australia,,,,,,,,,,,,,20250826T1348,,,
314,,20250923T000000Z,20250923T000000Z,P1D,National Day (Saudi Arabia),National Day of Saudi Arabia,Saudi Arabia,,,,,,,,,,,,,,,,REQUIRES_VALIDATION
315,,20250924T000000Z,20250924T000000Z,P1D,Independence Day (Guinea-Bissau),National Day of Guinea-Bissau,Guinea-Bissau,,,,,,,,,,,,,,,,REQUIRES_VALIDATION
316,20250826T1348,20250926T000000Z,20250926T000000Z,P1D,AFL Grand Final Day,Victoria regional holiday,Australia (Victoria),,,,,,,,,,,,,20250826T1348,,,
317,,20250927T000000Z,20250927T000000Z,P1D,Independence Day (Turkmenistan),National Day of Turkmenistan,Turkmenistan,,,,,,,,,,,,,,,,REQUIRES_VALIDATION
318,20250826T1348,20250927T000000Z,20250929T000000Z,P3D,Durga Puja,"Durga Puja is an Hindu festival that reveres and pays homage to the Hindu goddess Durga. It is popular and traditionally celebrated in the Indian states of West Bengal, Assam, Odisha and Tripura. It is also observed in Bangladesh and in the Mithilanchal regions of Bihar and Nepal. It is marked with worship rituals, performance arts, gift giving, family visits, feasting and public processions.",Hinduism,,,,,,,,,,,,,20250826T1348,,,
319,20250826T1348,20250929T000000Z,20251004T000000Z,P6D,Dashain,Dashain is the most important festival for Nepalis. It is a celebration of good prevailing over evil.,Nepal,,,,,,,,,,,,,20250826T1348,,,
320,,20250930T000000Z,20250930T000000Z,P1D,National Day (Botswana),National Day of Botswana,Botswana,,,,,,,,,,,,,,,,REQUIRES_VALIDATION
321,,20251001T000000Z,20251001T000000Z,P1D,Constitution Day (Palau),National Day of Palau,Palau,,,,,,,,,,,,,,,,REQUIRES_VALIDATION
322,,20251001T000000Z,20251001T000000Z,P1D,Independence Day (Cyprus),National Day of Cyprus,Cyprus,,,,,,,,,,,,,,,,REQUIRES_VALIDATION
323,,20251001T000000Z,20251001T000000Z,P1D,Independence Day (Guinea),National Day of Guinea,Guinea,,,,,,,,,,,,,,,,REQUIRES_VALIDATION
324,,20251001T000000Z,20251001T000000Z,P1D,Independence Day (Nigeria),National Day of Nigeria,Nigeria,,,,,,,,,,,,,,,,REQUIRES_VALIDATION
325,,20251001T000000Z,20251001T000000Z,P1D,Independence Day (Tuvalu),National Day of Tuvalu,Tuvalu,,,,,,,,,,,,,,,,REQUIRES_VALIDATION
326,20250826T1348,20251001T000000Z,20251001T000000Z,P1D,International Day of Older Persons ,"Aims to raise awareness of the impact of an aging population and the need to ensure people can grow old with dignity and to elevate consciousness about points which are affecting the aged, like COVID-19, senescence and elder abuse.†",International,,,,,,,,,,,,,20250826T1348,,,
327,,20251001T000000Z,20251001T000000Z,P1D,National Day (China),National Day of China,China,,,,,,,,,,,,,,,,REQUIRES_VALIDATION
328,20250826T1348,20251001T000000Z,20251002T000000Z,P1D,Yom Kippur (Judaism),"Also known as Day of Atonement, Yom Kippur is the holiest day of the year for the Jewish people. Characterised by repentance and forgiveness, Jewish people traditionally observe this holy day with fasting and intensive prayer, often spending most of the day in synagogue services.",Judaism,,,,,,,,,,,,,20250826T1348,,,
329,20250826T1348,20251001T000000Z,20251031T000000Z,P30D,Mental Health Month,,International,,,,,,,,,,,,,20250826T1348,,,REQUIRES_VALIDATION
330,20250826T1348,20251002T000000Z,20251002T000000Z,P1D,International Day of Non-Violence ,"The Day is observed on 2 October, the birthday of Mahatma Gandhi, leader of the Indian independence movement and pioneer of the philosophy and strategy of non-violence.†",International,,,,,,,,,,,,,20250826T1348,,,
331,20250826T1348,20251002T000000Z,20251002T000000Z,P1D,Mahatma Gandhi Jayanti,"This day commemorates Mahatma Gandhi's birthday. It is marked with a prayer for peace, ceremonies and events throughout India. The United Nations has further declared this day the International Day of Non-Violence in honour of Gandhi's philosophy of non-violence (Ahimsa).",Hinduism,,,,,,,,,,,,,20250826T1348,,,
332,20250826T1348,20251002T000000Z,20251002T000000Z,P1D,Navaratri / Vijay Dashami,"Vijay Dashami or Dussehra marks the triumph of good over evil. The celebration of Dussehra concludes the festival of Navaratri, which extends over several days.",Hinduism,,,,,,,,,,,,,20250826T1348,,,
333,,20251003T000000Z,20251003T000000Z,P1D,Day of German Unity (Germany),National Day of Germany,Germany,,,,,,,,,,,,,,,,REQUIRES_VALIDATION
334,,20251003T000000Z,20251003T000000Z,P1D,National Day (Iraq),National Day of Iraq,Iraq,,,,,,,,,,,,,,,,REQUIRES_VALIDATION
335,,20251003T000000Z,20251003T000000Z,P1D,"National Foundation Day (Korea, Republic Of)","National Day of Korea, Republic Of","Korea, Republic Of",,,,,,,,,,,,,,,,REQUIRES_VALIDATION
336,,20251004T000000Z,20251004T000000Z,P1D,Independence Day (Lesotho),National Day of Lesotho,Lesotho,,,,,,,,,,,,,,,,REQUIRES_VALIDATION
337,20250826T1348,20251006T000000Z,20251006T000000Z,P1D,Mid-Autumn (Moon) Festival,"The Mid-Autumn Festival is a popular East and South East Asian celebration of abundance and togetherness. The festival dates back over 3000 years. The traditional food of this festival is the mooncake, which has different variations depending on the country.",International,,,,,,,,,,,,,20250826T1348,,,
338,20250826T1348,20251006T000000Z,20251006T000000Z,P1D,T·∫øt Trung Thu,"T·∫øt Trung Thu is a traditional Vietnamese festival. It involves watching the moon, a feast and children singing and dancing.",Vietnam,,,,,,,,,,,,,20250826T1348,,,
339,20250826T1348,20251006T000000Z,20251006T000000Z,P1D,Tsukimi,Tsukimi is a special holiday in Japanese culture. It employs the symbolism of the full moon to celebrate togetherness and hopes for good fortune.,Japan,,,,,,,,,,,,,20250826T1348,,,
340,20250826T1348,20251006T000000Z,20251006T000000Z,P1D,World Cerebral Palsy Day ,"World Cerebral Palsy Day is a movement of people with Cerebral Palsy and their families, and the organisations that support them, in more than 75 countries.†",International,,,,,,,,,,,,,20250826T1348,,,
341,20250826T1348,20251006T000000Z,20251008T000000Z,P3D,Chuseok,"Chuseok is a special holiday in Korean culture. It is rooted in celebrating good harvest, family and the importance of the full moon as a symbol of harmony and the hope for good fortune.",Korea,,,,,,,,,,,,,20250826T1348,,,
342,20250826T1348,20251006T000000Z,20251013T000000Z,P8D,Sukkot,Sukkot is a week-long Jewish holiday that celebrates the fall harvest. This celebration is a lead up to Simchat Torah.,Judaism,,,,,,,,,,,,,20250826T1348,,,
343,20250826T1348,20251007T000000Z,20251007T000000Z,P1D,Kathina,Marks the end of the retreat practiced by Theravada Buddhist monks during the South East Asian rainy season. Lay Buddhists express their gratitude to monks by giving donations to temples and providing monks with new clothes. Dates vary based on local tradition.,Buddhism,,,,,,,,,,,,,20250826T1348,,,
344,,20251009T000000Z,20251009T000000Z,P1D,Independence Day (Uganda),National Day of Uganda,Uganda,,,,,,,,,,,,,,,,REQUIRES_VALIDATION
345,20250826T1348,20251009T000000Z,20251009T000000Z,P1D,World Sight Day ,World Sight Day is an annual day of awareness to focus global attention on blindness and vision impairment.†,International,,,,,,,,,,,,,20250826T1348,,,
346,,20251010T000000Z,20251010T000000Z,P1D,National Day (Fiji),National Day of Fiji,Fiji,,,,,,,,,,,,,,,,REQUIRES_VALIDATION
347,20250826T1348,20251010T000000Z,20251010T000000Z,P1D,World Mental Health Day ,"A day for mental health education, awareness and advocacy against social stigma. Mental Health Week is celebrated in Australia around this date, with each state adopting their own theme and holding events.",International,,,,,,,,,,,,,20250826T1348,,,
348,,20251012T000000Z,20251012T000000Z,P1D,Independence Day (Equatorial Guinea),National Day of Equatorial Guinea,Equatorial Guinea,,,,,,,,,,,,,,,,REQUIRES_VALIDATION
349,,20251012T000000Z,20251012T000000Z,P1D,National Day (Spain),National Day of Spain,Spain,,,,,,,,,,,,,,,,REQUIRES_VALIDATION
350,20250826T1348,20251012T000000Z,20251012T000000Z,P1D,White Sunday,White Sunday is a day when childhood is celebrated in Samoan Christian communities worldwide.,Samoa,,,,,,,,,,,,,20250826T1348,,,
351,20250826T1348,20251012T000000Z,20251018T000000Z,P6D,Anti-Poverty Week,,International,,,,,,,,,,,,,20250826T1348,,,REQUIRES_VALIDATION
352,20250826T1348,20251012T000000Z,20251018T000000Z,P6D,National Carers Week,,Australia,,,,,,,,,,,,,20250826T1348,,,REQUIRES_VALIDATION
353,20250826T1348,20251014T000000Z,20251015T000000Z,P2D,Simchat Torah,Simchat Torah is a celebratory Jewish holiday that marks the completion of the annual Torah reading cycle. Simchat Torah means -Rejoicing in the Law' in Hebrew. Special attention is given to children who join the celebrations with flags and singing.,Judaism,,,,,,,,,,,,,20250826T1348,,,
354,,20251019T000000Z,20251019T000000Z,P1D,Constitution Day (Niue),National Day of Niue,Niue,,,,,,,,,,,,,,,,REQUIRES_VALIDATION
355,20250826T1348,20251020T000000Z,20251020T000000Z,P1D,Diwali / Deepavali (Festival of Light) ,"Diwali is the five-day festival of lights, celebrated by millions of Hindus, Sikhs and Jains across the world. Diwali is a festival of new beginnings and the triumph of good over evil, and light over darkness.",Hinduism,,,,,,,,,,,,,20250826T1348,,,
356,20250826T1348,20251020T000000Z,20251020T000000Z,P1D,Gurgaddi (Inauguration) of Guru Granth Sahib,"This day commemorates the inauguration of the Sikh holy scripture. It is called the Guru Granth Sahib or Adi Sri Granth Sahib Ji, at the Golden Temple in Amritsar. Sikhs regard and respect the Holy Scripture as their living Guru.",Sikhism,,,,,,,,,,,,,20250826T1348,,,
357,20250826T1348,20251021T000000Z,20251021T000000Z,P1D,Bandi Chhor Divas (The Celebration of Freedom),"Sikhs celebrate Bandi Chhor Divas to mark the release from prison of the sixth guru Sri Guru Hargobind Ji, who also rescued 52 Hindu kings held captive with him. They were held by Mughal Emperor Jehangir in the Gwalior Fort in 1619. Celebrations include lighting oil lamps, candles and fireworks.",Sikhism,,,,,,,,,,,,,20250826T1348,,,
358,20250826T1348,20251022T000000Z,20251022T000000Z,P1D,Bestu Varas (Gujarati New Year),This date is celebrated with enthusiasm across the state of Gujarat. It marks the beginning of the new year for Gujarati people.,Gujarati,,,,,,,,,,,,,20250826T1348,,,
359,20250826T1348,20251022T000000Z,20251023T000000Z,P2D,Birth of the B·b and Birth of Bah·'u'll·h,Two successive holy days that celebrate the births of two central figures in the Baha'i faith. Each day's worth of celebration starts and ends with the setting of the sun.,Baha'i,,,,,,,,,,,,,20250826T1348,,,
360,20250826T1348,20251023T000000Z,20251023T000000Z,P1D,Bhai Tika,"Bhai Tika is also known as Bhai Dooj, Bhaubeej or Bhai Phonta. It marks the final day of Deepavali or Tihar and is a time to celebrate family relationships.",Hinduism,,,,,,,,,,,,,20250826T1348,,,
361,,20251024T000000Z,20251024T000000Z,P1D,Independence Day (Zambia),National Day of Zambia,Zambia,,,,,,,,,,,,,,,,REQUIRES_VALIDATION
362,20250826T1348,20251024T000000Z,20251024T000000Z,P1D,United Nations Day,"This date celebrates the entry into force of the United Nations Charter in 1945. The Charter highlights the promotion of peace, human rights and social and economic development globally.",International,,,,,,,,,,,,,20250826T1348,,,
363,,20251025T000000Z,20251025T000000Z,P1D,Republic Day (Kazakhstan),National Day of Kazakhstan,Kazakhstan,,,,,,,,,,,,,,,,REQUIRES_VALIDATION
364,,20251026T000000Z,20251026T000000Z,P1D,National Day of Austria,National Day of Austria,Austria,,,,,,,,,,,,,,,,REQUIRES_VALIDATION
365,,20251027T000000Z,20251027T000000Z,P1D,Independence Day (Saint Vincent and the Grenadines),National Day of Saint Vincent and the Grenadines,Saint Vincent and the Grenadines,,,,,,,,,,,,,,,,REQUIRES_VALIDATION
366,,20251028T000000Z,20251028T000000Z,P1D,Independence Day (Czech Republic),National Day of Czech Republic,Czech Republic,,,,,,,,,,,,,,,,REQUIRES_VALIDATION
367,20250826T1348,20251028T000000Z,20251028T000000Z,P1D,Oxi Day,"Oxi Day commemorates the rejection by then Greek Prime Minister of the ultimatum made by Axis forces to occupy Greek territory in 1940. The day represents bravery, solidarity and heroism for millions of Greeks all around the world",Greece,,,,,,,,,,,,,20250826T1348,,,
368,,20251029T000000Z,20251029T000000Z,P1D,Republic Day (T¸rkiye),National Day of T¸rkiye,T¸rkiye,,,,,,,,,,,,,,,,REQUIRES_VALIDATION
369,20250826T1348,20251031T000000Z,20251031T000000Z,P1D,Halloween,,Internantional,,,,,,,,,,,,,20250826T1348,,,REQUIRES_VALIDATION
370,20250826T1348,20251101T000000Z,20251101T000000Z,P1D,All Saints' Day,"This Christian day honours saints, known and unknown. Saints are men and women recognised for lives of holiness and devotion to God or who were martyred for their faith.",Christianity,,,,,,,,,,,,,20250826T1348,,,
371,,20251101T000000Z,20251101T000000Z,P1D,Anniversary of the Revolution (Algeria),National Day of Algeria,Algeria,,,,,,,,,,,,,,,,REQUIRES_VALIDATION
372,,20251101T000000Z,20251101T000000Z,P1D,National Day (Antigua and Barbuda),National Day of Antigua and Barbuda,Antigua and Barbuda,,,,,,,,,,,,,,,,REQUIRES_VALIDATION
373,20250826T1348,20251102T000000Z,20251102T000000Z,P1D,All Soul's Day,This day is a time for all Christians to remember and pray for the souls of the departed.,Christianity,,,,,,,,,,,,,20250826T1348,,,
374,20250826T1348,20251102T000000Z,20251102T000000Z,P1D,Day of the Dead (DÌa de los Muertos),Dia de los Muertos combines the ancient Aztec custom of celebrating ancestors with All Souls' Day. This Day is a holiday that Spanish invaders brought to Mexico starting in the early 1500s.,Mexico,,,,,,,,,,,,,20250826T1348,,,
375,,20251103T000000Z,20251103T000000Z,P1D,Independence / Separation Day (Panama),National Day of Panama,Panama,,,,,,,,,,,,,,,,REQUIRES_VALIDATION
376,,20251103T000000Z,20251103T000000Z,P1D,Independence Day (Dominica),National Day of Dominica,Dominica,,,,,,,,,,,,,,,,REQUIRES_VALIDATION
377,,20251103T000000Z,20251103T000000Z,P1D,National Day (Federated States of Micronesia),National Day of Federated States of Micronesia,Federated States of Micronesia,,,,,,,,,,,,,,,,REQUIRES_VALIDATION
378,20250826T1348,20251103T000000Z,20251103T000000Z,P1D,Recreation Day,Tasmania regional holiday,Australia (TAS),,,,,,,,,,,,,20250826T1348,,,
379,20250826T1348,20251104T000000Z,20251104T000000Z,P1D,Melbourne Cup Day,Victoria regional holiday,Australia (Victoria),,,,,,,,,,,,,20250826T1348,,,
380,,20251104T000000Z,20251104T000000Z,P1D,National Day (Tonga),National Day of Tonga,Tonga,,,,,,,,,,,,,,,,REQUIRES_VALIDATION
381,20250826T1348,20251105T000000Z,20251105T000000Z,P1D,Guru Nanak Gurpurab,"This day commemorates the birth of Guru Nanak Sahib, the founder of Sikhism and the first Sikh Guru.",Sikhism,,,,,,,,,,,,,20250826T1348,,,
382,20250826T1348,20251105T000000Z,20251105T000000Z,P1D,Loy Krathong,"Loy Krathong takes place on the night of the full moon of the 12th month of the Thai lunar calendar. During the festival, many Thai communities float small lantern boats of offerings as tokens of gratitude toward the Goddess of Water and to seek her forgiveness.",Thai,,,,,,,,,,,,,20250826T1348,,,
383,,20251109T000000Z,20251109T000000Z,P1D,Independence Day (Cambodia),National Day of Cambodia,Cambodia,,,,,,,,,,,,,,,,REQUIRES_VALIDATION
384,20250826T1348,20251110T000000Z,20251116T000000Z,P6D,National Recycling Week,,Australia,,,,,,,,,,,,,20250826T1348,,,REQUIRES_VALIDATION
385,,20251111T000000Z,20251111T000000Z,P1D,National Day (Angola),National Day of Angola,Angola,,,,,,,,,,,,,,,,REQUIRES_VALIDATION
386,20250826T1348,20251111T000000Z,20251111T000000Z,P1D,Remembrance Day,"Remembrance Day is known in some countries as Armistice Day or Veterans Day. This date marks the end of fighting in the First World War, and is a day is generally marked as a day to remember all those who died or suffered in wars and armed conflicts.",International,,,,,,,,,,,,,20250826T1348,,,
387,20250826T1348,20251113T000000Z,20251113T000000Z,P1D,World Kindness Day ,"Provides the opportunity to reflect on, celebrate and promote the positive actions that contribute to a culture of kindness.",International,,,,,,,,,,,,,20250826T1348,,,
388,20250826T1348,20251113T000000Z,20251119T000000Z,P6D,Trans Awareness Week ,"Held in the week leading up to Trans Day of Remembrance, Trans Awareness Week helps raise awareness of trans and gender diverse people, the issues facing these communities, and the ways people can get involved as allies and create a more fair and equal world for everyone.",International,,,,,,,,,,,,,20250826T1348,,,
389,20250826T1348,20251116T000000Z,20251116T000000Z,P1D,International Day for Tolerance,The United Nations' International Day for Tolerance fosters mutual understanding among cultures and peoples.,International,,,,,,,,,,,,,20250826T1348,,,
390,20250826T1348,20251116T000000Z,20251116T000000Z,P1D,International Day for Tolerance ,"International Day for Tolerance is observed to -affirm that tolerance is neither indulgence nor indifference. It is respect and appreciation of the rich variety of our world's cultures, our forms of expression and ways of being human'.†",International,,,,,,,,,,,,,20250826T1348,,,
391,,20251118T000000Z,20251118T000000Z,P1D,National Day (Oman),National Day of Oman,Oman,,,,,,,,,,,,,,,,REQUIRES_VALIDATION
392,,20251118T000000Z,20251118T000000Z,P1D,Proclamation of Independence (Latvia),National Day of Latvia,Latvia,,,,,,,,,,,,,,,,REQUIRES_VALIDATION
393,20250826T1348,20251119T000000Z,20251119T000000Z,P1D,International Men's Day,,International,,,,,,,,,,,,,20250826T1348,,,REQUIRES_VALIDATION
394,,20251119T000000Z,20251119T000000Z,P1D,National Day (Monaco),National Day of Monaco,Monaco,,,,,,,,,,,,,,,,REQUIRES_VALIDATION
395,20250826T1348,20251120T000000Z,20251120T000000Z,P1D,Transgender Day of Remembrance ,"Transgender Day of Remembrance honours the memory of trans lives lost to acts of transphobia and discrimination. It is a day of gathering, togetherness, and community solidarity.",International,,,,,,,,,,,,,20250826T1348,,,
396,,20251122T000000Z,20251122T000000Z,P1D,Independence Day (Lebanon),National Day of Lebanon,Lebanon,,,,,,,,,,,,,,,,REQUIRES_VALIDATION
397,20250826T1348,20251124T000000Z,20251124T000000Z,P1D,Shahidi (Martyrdom) of Guru Tegh Bahadur,"On this day in 1675, Guru Tegh Bahadur, the ninth Guru, sacrificed his life to defend the religious freedom of another faith. This was a significant event in Sikh history that profoundly impacted the future direction of Sikhism.",Sikhism,,,,,,,,,,,,,20250826T1348,,,
398,,20251125T000000Z,20251125T000000Z,P1D,Independence Day (Suriname),National Day of Suriname,Suriname,,,,,,,,,,,,,,,,REQUIRES_VALIDATION
399,20250826T1348,20251125T000000Z,20251125T000000Z,P1D,International Day for the Elimination of Violence Against Women ,"Women's rights activists have observed 25 November as a day against gender-based violence since 1981. This date was selected to honour the Mirabal sisters, three political activists from the Dominican Republic who were brutally murdered in 1960 by order of the country's ruler, Rafael Trujillo.†",International,,,,,,,,,,,,,20250826T1348,,,
400,,20251125T000000Z,20251125T000000Z,P1D,Statehood Day (Bosnia and Herzegovina),National Day of Bosnia and Herzegovina,Bosnia and Herzegovina,,,,,,,,,,,,,,,,REQUIRES_VALIDATION
401,20250826T1348,20251127T000000Z,20251127T000000Z,P1D,The Ascension of Abdu'l-Bah·,"The Ascension of Abdu'l Baha commemorates the passing of Abdu'l-Bah√° on 28 November 1921. He was the eldest son of Bah√°'u'll√°h (the Prophet-Founder of the Baha'i faith). As the date is set according to the Bahai calendar, it is commemorated on 27 November in some years.",Baha'i,,,,,,,,,,,,,20250826T1348,,,
402,,20251128T000000Z,20251128T000000Z,P1D,Independence Day (Mauritania),National Day of Mauritania,Mauritania,,,,,,,,,,,,,,,,REQUIRES_VALIDATION
403,,20251128T000000Z,20251128T000000Z,P1D,National Day (Albania),National Day of Albania,Albania,,,,,,,,,,,,,,,,REQUIRES_VALIDATION
404,20250826T1348,20251129T000000Z,20251129T000000Z,P1D,International Day of Solidarity with the Palestinian People ,"In 1977, the General Assembly called for the annual observance of 29 November as the International Day of Solidarity with the Palestinian People.†",International,,,,,,,,,,,,,20250826T1348,,,
405,20250826T1348,20251130T000000Z,20251130T000000Z,P1D,First Sunday of Advent,"Christians celebrate Advent by lighting advent candles, displaying wreaths and hosting special ceremonies. For Christians, Advent anticipates the celebration of the arrival of Jesus during Christmas, while also anticipating his return.",Christianity,,,,,,,,,,,,,20250826T1348,,,
406,,20251130T000000Z,20251130T000000Z,P1D,Independence Day (Barbados),National Day of Barbados,Barbados,,,,,,,,,,,,,,,,REQUIRES_VALIDATION
407,20250826T1348,20251130T000000Z,20251130T000000Z,P1D,St Andrew's Day,"St Andrew's Day is celebrated annually in Scotland on 30 November to commemorate St Andrew, the patron saint of Scotland since 1320. He is also the patron saint of Romania, Greece, Russia, Ukraine and Poland. The day is usually celebrated with traditional recitations, cuisine, dancing and singing.",Scotland,,,,,,,,,,,,,20250826T1348,,,
408,,20251201T000000Z,20251201T000000Z,P1D,Great Union Day (Romania),National Day of Romania,Romania,,,,,,,,,,,,,,,,REQUIRES_VALIDATION
409,,20251201T000000Z,20251201T000000Z,P1D,Proclamation of the Republic Day (Central African Republic),National Day of Central African Republic,Central African Republic,,,,,,,,,,,,,,,,REQUIRES_VALIDATION
410,20250826T1348,20251201T000000Z,20251201T000000Z,P1D,World AIDS Day ,Raises awareness across the world and in the community about HIV and AIDS. It is a day for the community to show their support for people living with HIV and to commemorate people who have died of AIDS related conditions or other conditions associated with HIV.†,International,,,,,,,,,,,,,20250826T1348,,,
411,,20251202T000000Z,20251202T000000Z,P1D,National Day (Lao People's Democratic Republic),National Day of Lao People's Democratic Republic,Lao People's Democratic Republic,,,,,,,,,,,,,,,,REQUIRES_VALIDATION
412,,20251202T000000Z,20251202T000000Z,P1D,National Day (United Arab Emirates),National Day of United Arab Emirates,United Arab Emirates,,,,,,,,,,,,,,,,REQUIRES_VALIDATION
413,20250826T1348,20251203T000000Z,20251203T000000Z,P1D,International Day of People with Disability,,International,,,,,,,,,,,,,20250826T1348,,,REQUIRES_VALIDATION
414,20250826T1348,20251203T000000Z,20251203T000000Z,P1D,International Day of Persons with Disabilities ,"Aims to increase public awareness, understanding and acceptance of people with disability and celebrate their achievements and contributions.†",International,,,,,,,,,,,,,20250826T1348,,,
415,,20251205T000000Z,20251205T000000Z,P1D,Birthday Anniversary of His Majesty the King (Thailand),Birthday Anniversary of His Majesty the King or National Day/Father's Day,Thailand,,,,,,,,,,,,,,,,REQUIRES_VALIDATION
416,20250826T1348,20251205T000000Z,20251205T000000Z,P1D,International Volunteer Day,,International,,,,,,,,,,,,,20250826T1348,,,REQUIRES_VALIDATION
417,,20251206T000000Z,20251206T000000Z,P1D,Finnish Independence Day (Finland),National Day of Finland,Finland,,,,,,,,,,,,,,,,REQUIRES_VALIDATION
418,20250826T1348,20251208T000000Z,20251208T000000Z,P1D,Bodhi Day,"Bodhi Day commemorates the day Buddha attained enlightenment under a Bodhi tree. It generally falls on the eighth day of the twelfth month of the lunisolar calendar. Mahayana Buddhists in China, Korea and Vietnam celebrate Lunar Bodhi day on the eighth day of the twelfth lunar month. In Japan, Bodhi Day follows the Gregorian calendar and is celebrated on 8 December every year.",Buddhism,,,,,,,,,,,,,20250826T1348,,,
419,20250826T1348,20251210T000000Z,20251210T000000Z,P1D,Human Rights Day (International),"Human Rights Day is observed every year on 10 December ""î the day the United Nations General Assembly adopted, in 1948, the Universal Declaration of Human Rights.†",International,,,,,,,,,,,,,20250826T1348,,,
420,,20251211T000000Z,20251211T000000Z,P1D,National Day (Burkina Faso),National Day of Burkina Faso,Burkina Faso,,,,,,,,,,,,,,,,REQUIRES_VALIDATION
421,,20251212T000000Z,20251212T000000Z,P1D,Jamhuri Day (Kenya),National Day of Kenya,Kenya,,,,,,,,,,,,,,,,REQUIRES_VALIDATION
422,20250826T1348,20251214T000000Z,20251222T000000Z,P9D,Chanukah,Chanukah or Hanukkah commemorates the recapture and rededication by the Jewish people of the Jerusalem Temple. The festival lasts eight days and nights. An additional candle is lit each night to symbolise the miracle of the cruse of oil that lasted eight days.,Judaism,,,,,,,,,,,,,20250826T1348,,,
423,20250826T1348,20251214T000000Z,20251222T000000Z,P8D,Hanukkah (Festival of Lights) (Judaism),"Also known as Chanukah, the festival commemorates the recapture and rededication by the Jewish people of the Jerusalem Temple.",Judaism,,,,,,,,,,,,,20250826T1348,,,
424,,20251216T000000Z,20251216T000000Z,P1D,National Day (Bahrain),National Day of Bahrain,Bahrain,,,,,,,,,,,,,,,,REQUIRES_VALIDATION
425,,20251217T000000Z,20251217T000000Z,P1D,National Day (Bhutan),Birth Anniversary of the First King,Bhutan,,,,,,,,,,,,,,,,REQUIRES_VALIDATION
426,20250826T1348,20251218T000000Z,20251218T000000Z,P1D,International Migrants Day,"International Migrants Day is a United Nations observance, and calls us to remember and honour the contribution of all migrants, their stories and cultures, to our multicultural nation.",International,,,,,,,,,,,,,20250826T1348,,,
427,20250826T1348,20251218T000000Z,20251218T000000Z,P1D,International Migrants Day ,"On 4 December 2000, the UN General Assembly proclaimed 18 December as International Migrants Day. The day was selected to mark the anniversary of the 1990 adoption of the International Convention on the Protection of the Rights of All Migrant Workers and Members of Their Families.†",International,,,,,,,,,,,,,20250826T1348,,,
428,,20251218T000000Z,20251218T000000Z,P1D,National Day (Qatar),National Day of Qatar,Qatar,,,,,,,,,,,,,,,,REQUIRES_VALIDATION
429,,20251218T000000Z,20251218T000000Z,P1D,Republic Day (Niger),National Day of Niger,Niger,,,,,,,,,,,,,,,,REQUIRES_VALIDATION
430,,20251224T000000Z,20251224T000000Z,P1D,Independence Day (Libya),National Day of Libya,Libya,,,,,,,,,,,,,,,,REQUIRES_VALIDATION
431,20250826T1348,20251225T000000Z,20251225T000000Z,P1D,Christmas Day (Christianity),"Christmas is the Christian celebration of the birth of Jesus. Many in Australia celebrate Christmas, regardless of their religious affiliation. Christmas lights and trees are displayed, carols are sung, and individuals come together to exchange gifts and spend time with family and friends.",Christianity,,,,,,,,,,,,,20250826T1348,,,
432,20250826T1348,20251226T000000Z,20260101T000000Z,P7D,Kwanzaa,This week-long celebration honours African and African-American cultures. It culminates in a feast and gift-giving. It was first celebrated in 1966.,Internantional,,,,,,,,,,,,,20250826T1348,,,
433,20250826T1348,20251231T000000Z,20251231T000000Z,P1D,New Year's Eve,"This date commemorates the arrival of a new year following the Gregorian calendar. New Year's Eve is a time for communities, families and friends to celebrate the year past and the year to come.",Internantional,,,,,,,,,,,,,20250826T1348,,,
